Defining pad token
LlamaForSequenceClassification(
  (model): LlamaModel(
    (embed_tokens): Embedding(128256, 2048)
    (layers): ModuleList(
      (0-15): 16 x LlamaDecoderLayer(
        (self_attn): LlamaAttention(
          (q_proj): Linear(in_features=2048, out_features=2048, bias=False)
          (k_proj): Linear(in_features=2048, out_features=512, bias=False)
          (v_proj): Linear(in_features=2048, out_features=512, bias=False)
          (o_proj): Linear(in_features=2048, out_features=2048, bias=False)
        )
        (mlp): LlamaMLP(
          (gate_proj): Linear(in_features=2048, out_features=8192, bias=False)
          (up_proj): Linear(in_features=2048, out_features=8192, bias=False)
          (down_proj): Linear(in_features=8192, out_features=2048, bias=False)
          (act_fn): SiLU()
        )
        (input_layernorm): LlamaRMSNorm((2048,), eps=1e-05)
        (post_attention_layernorm): LlamaRMSNorm((2048,), eps=1e-05)
      )
    )
    (norm): LlamaRMSNorm((2048,), eps=1e-05)
    (rotary_emb): LlamaRotaryEmbedding()
  )
  (score): Linear(in_features=2048, out_features=2, bias=False)
)
Replace with Customize Llama Flash Attention Layer.
Replace with Customize Llama MLP Layer.
Replace with Customize Llama Flash Attention Layer.
Replace with Customize Llama MLP Layer.
Replace with Customize Llama Flash Attention Layer.
Replace with Customize Llama MLP Layer.
Replace with Customize Llama Flash Attention Layer.
Replace with Customize Llama MLP Layer.
Replace with Customize Llama Flash Attention Layer.
Replace with Customize Llama MLP Layer.
Replace with Customize Llama Flash Attention Layer.
Replace with Customize Llama MLP Layer.
Replace with Customize Llama Flash Attention Layer.
Replace with Customize Llama MLP Layer.
Replace with Customize Llama Flash Attention Layer.
Replace with Customize Llama MLP Layer.
Replace with Customize Llama Flash Attention Layer.
Replace with Customize Llama MLP Layer.
Replace with Customize Llama Flash Attention Layer.
Replace with Customize Llama MLP Layer.
Replace with Customize Llama Flash Attention Layer.
Replace with Customize Llama MLP Layer.
Replace with Customize Llama Flash Attention Layer.
Replace with Customize Llama MLP Layer.
Replace with Customize Llama Flash Attention Layer.
Replace with Customize Llama MLP Layer.
Replace with Customize Llama Flash Attention Layer.
Replace with Customize Llama MLP Layer.
Replace with Customize Llama Flash Attention Layer.
Replace with Customize Llama MLP Layer.
Replace with Customize Llama Flash Attention Layer.
Replace with Customize Llama MLP Layer.
Initializing Model Parameters.
Initializing Layer 1
Initializing Customized Model Parameters.
Init_method k-means
Method k-means
running k-means on cuda..
[running kmeans]: 24it [00:02, 11.73it/s, center_shift=0.000093, iteration=24, tol=0.000100]
Region saliency  dim torch.Size([16, 1])
Region saliency tensor([[-0.7071],
        [-0.1373],
        [-0.0362],
        [-0.2358],
        [-0.0104],
        [-0.0585],
        [-0.0979],
        [ 0.1190],
        [-0.0274],
        [-0.0463],
        [ 0.0213],
        [-0.0747],
        [ 0.0082],
        [ 0.0393],
        [-0.0015],
        [ 0.5979]], device='cuda:0')
predicting on cuda..
Starting Grouping
Grouping completed in 0.042382001876831055 seconds
Init_method k-means
Method k-means
running k-means on cuda..
[running kmeans]: 33it [00:00, 39.23it/s, center_shift=0.000086, iteration=33, tol=0.000100]
Region saliency  dim torch.Size([16, 1])
Region saliency tensor([[-0.5819],
        [ 0.0067],
        [-0.0533],
        [ 0.2098],
        [-0.0780],
        [ 0.1290],
        [ 0.0287],
        [ 0.0432],
        [ 0.0167],
        [-0.0116],
        [ 0.0884],
        [ 0.0622],
        [-0.0358],
        [-0.0022],
        [-0.1163],
        [ 0.6562]], device='cuda:0')
predicting on cuda..
Starting Grouping
Grouping completed in 0.012107610702514648 seconds
Init_method k-means
Method k-means
running k-means on cuda..
[running kmeans]: 2it [00:00, 36.43it/s, center_shift=0.000046, iteration=2, tol=0.000100]
Region saliency  dim torch.Size([16, 1])
Region saliency tensor([[-6.1677e-02],
        [-2.5072e-03],
        [ 1.0125e-02],
        [-7.7806e-03],
        [ 5.5415e-03],
        [-5.5632e-03],
        [ 3.5560e-03],
        [-1.0238e-02],
        [-4.6429e-03],
        [-3.5814e-03],
        [ 6.6904e-05],
        [ 1.6090e-03],
        [-1.8013e-02],
        [-1.3726e-03],
        [ 1.9772e-02],
        [ 6.9822e-02]], device='cuda:0')
predicting on cuda..
Starting Grouping
Grouping completed in 0.009713411331176758 seconds
Init_method k-means
Method k-means
running k-means on cuda..
[running kmeans]: 2it [00:00, 12.20it/s, center_shift=0.000062, iteration=2, tol=0.000100]
Region saliency  dim torch.Size([16, 1])
Region saliency tensor([[-0.3106],
        [ 0.0025],
        [-0.0059],
        [ 0.0046],
        [-0.0165],
        [-0.0274],
        [ 0.0005],
        [ 0.0125],
        [-0.0106],
        [ 0.0135],
        [ 0.0155],
        [ 0.0073],
        [-0.0022],
        [ 0.0098],
        [ 0.0200],
        [ 0.3204]], device='cuda:0')
predicting on cuda..
Starting Grouping
Grouping completed in 0.022708654403686523 seconds
Initializing Layer 2
Initializing Customized Model Parameters.
Init_method k-means
Method k-means
running k-means on cuda..
[running kmeans]: 2it [00:00,  5.80it/s, center_shift=0.000021, iteration=2, tol=0.000100]
Region saliency  dim torch.Size([16, 1])
Region saliency tensor([[-1.0867e-01],
        [-4.1388e-02],
        [-2.0282e-02],
        [-7.9990e-03],
        [-2.2920e-02],
        [-1.2291e-02],
        [-1.7493e-02],
        [-1.4557e-02],
        [-5.3245e-03],
        [-1.0740e-02],
        [-3.9367e-03],
        [-2.6050e-02],
        [-3.0813e-02],
        [-9.3726e-03],
        [-6.6430e-03],
        [-1.2744e-06]], device='cuda:0')
predicting on cuda..
Starting Grouping
Grouping completed in 0.022404909133911133 seconds
Init_method k-means
Method k-means
running k-means on cuda..
[running kmeans]: 1it [00:00,  5.99it/s, center_shift=0.000068, iteration=1, tol=0.000100]
Region saliency  dim torch.Size([16, 1])
Region saliency tensor([[-1.6310e-01],
        [-2.5941e-03],
        [-1.0245e-02],
        [-1.5595e-02],
        [-2.1225e-02],
        [-1.1043e-02],
        [-1.1914e-02],
        [-5.9271e-04],
        [-4.6725e-03],
        [-7.8045e-03],
        [-1.4012e-02],
        [-1.2911e-02],
        [-1.0915e-04],
        [-1.4646e-03],
        [-1.1131e-02],
        [-2.1941e-06]], device='cuda:0')
predicting on cuda..
Starting Grouping
Grouping completed in 0.023344993591308594 seconds
Init_method k-means
Method k-means
running k-means on cuda..
[running kmeans]: 1it [00:00,  6.86it/s, center_shift=0.000077, iteration=1, tol=0.000100]
Region saliency  dim torch.Size([16, 1])
Region saliency tensor([[-1.2711e-06],
        [ 1.0527e-02],
        [ 1.0016e-02],
        [ 9.4074e-03],
        [ 1.1577e-03],
        [ 1.3478e-02],
        [ 4.4274e-03],
        [ 3.8971e-02],
        [ 1.1640e-02],
        [ 1.8107e-02],
        [ 2.7386e-02],
        [ 1.0999e-02],
        [ 1.4032e-02],
        [ 2.2096e-02],
        [ 7.8081e-03],
        [ 1.0582e-01]], device='cuda:0')
predicting on cuda..
Starting Grouping
Grouping completed in 0.022153854370117188 seconds
Init_method k-means
Method k-means
running k-means on cuda..
[running kmeans]: 2it [00:00,  6.56it/s, center_shift=0.000041, iteration=2, tol=0.000100]
Region saliency  dim torch.Size([16, 1])
Region saliency tensor([[-2.1883e-06],
        [ 2.7307e-02],
        [ 1.9115e-02],
        [ 3.6911e-03],
        [ 5.7268e-03],
        [ 4.4289e-04],
        [ 3.1064e-02],
        [ 1.5990e-02],
        [ 9.9098e-03],
        [ 4.1345e-02],
        [ 1.2957e-02],
        [ 2.1922e-02],
        [ 1.0965e-02],
        [ 7.5073e-03],
        [ 1.7553e-03],
        [ 1.6547e-01]], device='cuda:0')
predicting on cuda..
Starting Grouping
Grouping completed in 0.0424351692199707 seconds
Initializing Layer 3
Initializing Customized Model Parameters.
Init_method k-means
Method k-means
running k-means on cuda..
[running kmeans]: 12it [00:01, 11.96it/s, center_shift=0.000092, iteration=12, tol=0.000100]
Region saliency  dim torch.Size([16, 1])
Region saliency tensor([[-0.3945],
        [-0.0089],
        [-0.0361],
        [ 0.0303],
        [-0.0160],
        [-0.0124],
        [-0.0264],
        [ 0.0104],
        [-0.0528],
        [-0.0203],
        [ 0.0487],
        [ 0.0822],
        [-0.0855],
        [-0.0007],
        [-0.0050],
        [ 0.4139]], device='cuda:0')
predicting on cuda..
Starting Grouping
Grouping completed in 0.017911195755004883 seconds
Init_method k-means
Method k-means
running k-means on cuda..
[running kmeans]: 13it [00:00, 34.25it/s, center_shift=0.000093, iteration=13, tol=0.000100]
Region saliency  dim torch.Size([16, 1])
Region saliency tensor([[-0.3087],
        [-0.0327],
        [-0.0232],
        [ 0.0247],
        [-0.0887],
        [ 0.0402],
        [ 0.0647],
        [-0.0099],
        [ 0.1083],
        [ 0.0007],
        [ 0.0142],
        [-0.0159],
        [-0.1320],
        [-0.0630],
        [-0.0046],
        [ 0.2927]], device='cuda:0')
predicting on cuda..
Starting Grouping
Grouping completed in 0.010850667953491211 seconds
Init_method k-means
Method k-means
running k-means on cuda..
[running kmeans]: 2it [00:00, 34.40it/s, center_shift=0.000054, iteration=2, tol=0.000100]
Region saliency  dim torch.Size([16, 1])
Region saliency tensor([[-0.0735],
        [-0.0065],
        [ 0.0091],
        [ 0.0051],
        [ 0.0058],
        [-0.0134],
        [ 0.0080],
        [-0.0002],
        [ 0.0026],
        [ 0.0098],
        [ 0.0117],
        [ 0.0189],
        [-0.0092],
        [ 0.0042],
        [ 0.0068],
        [ 0.0916]], device='cuda:0')
predicting on cuda..
Starting Grouping
Grouping completed in 0.010109186172485352 seconds
Init_method k-means
Method k-means
running k-means on cuda..
[running kmeans]: 3it [00:00, 12.18it/s, center_shift=0.000063, iteration=3, tol=0.000100]
Region saliency  dim torch.Size([16, 1])
Region saliency tensor([[-0.5392],
        [-0.0014],
        [-0.0246],
        [-0.0035],
        [ 0.0170],
        [ 0.0110],
        [ 0.0025],
        [-0.0140],
        [ 0.0007],
        [ 0.0396],
        [ 0.0248],
        [ 0.0043],
        [-0.0054],
        [-0.0102],
        [ 0.0068],
        [ 0.4626]], device='cuda:0')
predicting on cuda..
Starting Grouping
Grouping completed in 0.024530887603759766 seconds
Initializing Layer 4
Initializing Customized Model Parameters.
Init_method k-means
Method k-means
running k-means on cuda..
[running kmeans]: 2it [00:00,  6.49it/s, center_shift=0.000047, iteration=2, tol=0.000100]
Region saliency  dim torch.Size([16, 1])
Region saliency tensor([[-2.5349e-01],
        [-2.8750e-03],
        [-7.2393e-03],
        [-6.9764e-04],
        [-1.2311e-02],
        [-5.3456e-03],
        [-1.9527e-02],
        [-1.6872e-02],
        [-1.0267e-02],
        [-3.7250e-03],
        [-1.4682e-02],
        [-1.8227e-03],
        [-8.7518e-03],
        [-2.4388e-03],
        [-1.8355e-02],
        [ 8.0952e-06]], device='cuda:0')
predicting on cuda..
Starting Grouping
Grouping completed in 0.023127079010009766 seconds
Init_method k-means
Method k-means
running k-means on cuda..
[running kmeans]: 2it [00:00,  6.95it/s, center_shift=0.000018, iteration=2, tol=0.000100]
Region saliency  dim torch.Size([16, 1])
Region saliency tensor([[-1.6536e-01],
        [-1.7838e-02],
        [-1.6465e-02],
        [-1.9248e-02],
        [-1.4679e-02],
        [-2.1275e-02],
        [-1.0208e-02],
        [-2.5155e-02],
        [-1.5976e-03],
        [-3.1395e-02],
        [-2.0430e-02],
        [-2.2453e-02],
        [-4.5785e-03],
        [-1.2380e-02],
        [-6.8452e-03],
        [ 7.5997e-06]], device='cuda:0')
predicting on cuda..
Starting Grouping
Grouping completed in 0.023188352584838867 seconds
Init_method k-means
Method k-means
running k-means on cuda..
[running kmeans]: 2it [00:00,  6.70it/s, center_shift=0.000045, iteration=2, tol=0.000100]
Region saliency  dim torch.Size([16, 1])
Region saliency tensor([[8.0976e-06],
        [5.4796e-03],
        [2.3559e-03],
        [2.1452e-02],
        [1.9513e-02],
        [1.2826e-02],
        [1.5162e-02],
        [9.3336e-03],
        [6.8655e-03],
        [7.7533e-04],
        [2.4764e-02],
        [3.5324e-02],
        [1.7430e-02],
        [4.0314e-03],
        [6.3094e-03],
        [2.5397e-01]], device='cuda:0')
predicting on cuda..
Starting Grouping
Grouping completed in 0.023452281951904297 seconds
Init_method k-means
Method k-means
running k-means on cuda..
[running kmeans]: 2it [00:00,  6.70it/s, center_shift=0.000039, iteration=2, tol=0.000100]
Region saliency  dim torch.Size([16, 1])
Region saliency tensor([[7.6022e-06],
        [6.2336e-04],
        [2.9147e-02],
        [3.2312e-02],
        [5.5019e-03],
        [4.1994e-02],
        [2.0450e-02],
        [2.1910e-02],
        [2.3553e-02],
        [2.7412e-02],
        [1.6721e-02],
        [1.8793e-02],
        [1.1379e-02],
        [2.5503e-02],
        [8.6126e-03],
        [1.6474e-01]], device='cuda:0')
predicting on cuda..
Starting Grouping
Grouping completed in 0.022917509078979492 seconds
Initializing Layer 5
Initializing Customized Model Parameters.
Init_method k-means
Method k-means
running k-means on cuda..
[running kmeans]: 6it [00:00, 12.41it/s, center_shift=0.000095, iteration=6, tol=0.000100]
Region saliency  dim torch.Size([16, 1])
Region saliency tensor([[-0.5702],
        [-0.0802],
        [ 0.0375],
        [ 0.1007],
        [-0.0032],
        [-0.0258],
        [ 0.0063],
        [-0.0487],
        [ 0.0130],
        [-0.0078],
        [ 0.0013],
        [-0.0166],
        [-0.0338],
        [-0.0124],
        [ 0.0599],
        [ 0.4861]], device='cuda:0')
predicting on cuda..
Starting Grouping
Grouping completed in 0.01677846908569336 seconds
Init_method k-means
Method k-means
running k-means on cuda..
[running kmeans]: 22it [00:00, 41.66it/s, center_shift=0.000096, iteration=22, tol=0.000100]
Region saliency  dim torch.Size([16, 1])
Region saliency tensor([[-4.0439e-01],
        [-4.2397e-02],
        [ 4.1006e-02],
        [ 1.6229e-02],
        [ 5.6461e-02],
        [ 5.7324e-03],
        [ 3.0254e-02],
        [-6.5381e-03],
        [ 2.2414e-02],
        [ 1.5260e-04],
        [-1.5084e-02],
        [-2.6491e-02],
        [-1.1025e-01],
        [ 1.2632e-01],
        [-6.6314e-02],
        [ 5.3504e-01]], device='cuda:0')
predicting on cuda..
Starting Grouping
Grouping completed in 0.009829282760620117 seconds
Init_method k-means
Method k-means
running k-means on cuda..
[running kmeans]: 2it [00:00, 39.09it/s, center_shift=0.000068, iteration=2, tol=0.000100]
Region saliency  dim torch.Size([16, 1])
Region saliency tensor([[-0.0848],
        [-0.0274],
        [-0.0136],
        [-0.0007],
        [ 0.0225],
        [-0.0021],
        [-0.0071],
        [ 0.0013],
        [-0.0055],
        [ 0.0140],
        [ 0.0092],
        [ 0.0109],
        [-0.0038],
        [ 0.0043],
        [-0.0098],
        [ 0.0866]], device='cuda:0')
predicting on cuda..
Starting Grouping
Grouping completed in 0.0108795166015625 seconds
Init_method k-means
Method k-means
running k-means on cuda..
[running kmeans]: 2it [00:00, 12.65it/s, center_shift=0.000082, iteration=2, tol=0.000100]
Region saliency  dim torch.Size([16, 1])
Region saliency tensor([[-3.4220e-01],
        [ 1.5692e-02],
        [-3.4136e-03],
        [-2.4821e-02],
        [ 2.8205e-02],
        [ 1.2297e-02],
        [ 1.8656e-02],
        [ 2.9845e-03],
        [ 1.0621e-02],
        [ 5.9184e-03],
        [ 9.3023e-03],
        [ 1.4617e-02],
        [-1.3628e-02],
        [ 1.3691e-02],
        [-3.8504e-05],
        [ 3.5337e-01]], device='cuda:0')
predicting on cuda..
Starting Grouping
Grouping completed in 0.018584012985229492 seconds
Initializing Layer 6
Initializing Customized Model Parameters.
Init_method k-means
Method k-means
running k-means on cuda..
[running kmeans]: 1it [00:00,  6.91it/s, center_shift=0.000092, iteration=1, tol=0.000100]
Region saliency  dim torch.Size([16, 1])
Region saliency tensor([[-1.0993e-01],
        [-3.4632e-03],
        [-1.1970e-03],
        [-1.4062e-02],
        [-1.0382e-02],
        [-4.1324e-03],
        [-7.4269e-03],
        [-1.7725e-02],
        [-2.7110e-02],
        [-1.1723e-02],
        [-5.8455e-03],
        [-2.9047e-03],
        [-1.2921e-02],
        [-4.2732e-02],
        [-8.9207e-03],
        [-7.5402e-06]], device='cuda:0')
predicting on cuda..
Starting Grouping
Grouping completed in 0.02384638786315918 seconds
Init_method k-means
Method k-means
running k-means on cuda..
[running kmeans]: 2it [00:00,  5.96it/s, center_shift=0.000025, iteration=2, tol=0.000100]
Region saliency  dim torch.Size([16, 1])
Region saliency tensor([[-1.6024e-01],
        [-1.5184e-02],
        [-8.2497e-03],
        [-4.8527e-04],
        [-6.3556e-03],
        [-2.5003e-02],
        [-9.0255e-04],
        [-1.0280e-02],
        [-1.9063e-02],
        [-9.4467e-03],
        [-3.9533e-03],
        [-1.7794e-04],
        [-3.6712e-02],
        [-1.1683e-02],
        [-1.9502e-03],
        [-4.5609e-06]], device='cuda:0')
predicting on cuda..
Starting Grouping
Grouping completed in 0.02357172966003418 seconds
Init_method k-means
Method k-means
running k-means on cuda..
[running kmeans]: 2it [00:00,  6.97it/s, center_shift=0.000034, iteration=2, tol=0.000100]
Region saliency  dim torch.Size([16, 1])
Region saliency tensor([[-7.5388e-06],
        [ 3.8127e-02],
        [ 1.1424e-02],
        [ 4.3718e-03],
        [ 2.0822e-03],
        [ 8.5070e-03],
        [ 1.8465e-02],
        [ 2.2093e-02],
        [ 2.8312e-02],
        [ 1.4454e-02],
        [ 2.4506e-02],
        [ 7.3610e-04],
        [ 3.1726e-03],
        [ 1.7500e-02],
        [ 6.1434e-03],
        [ 1.0864e-01]], device='cuda:0')
predicting on cuda..
Starting Grouping
Grouping completed in 0.02344059944152832 seconds
Init_method k-means
Method k-means
running k-means on cuda..
[running kmeans]: 2it [00:00,  6.55it/s, center_shift=0.000052, iteration=2, tol=0.000100]
Region saliency  dim torch.Size([16, 1])
Region saliency tensor([[-4.5577e-06],
        [ 7.2880e-03],
        [ 1.3195e-02],
        [ 1.7505e-02],
        [ 1.6562e-02],
        [ 1.0947e-02],
        [ 1.5020e-02],
        [ 1.8097e-02],
        [ 2.2234e-02],
        [ 9.4230e-03],
        [ 5.5575e-03],
        [ 1.0528e-03],
        [ 1.1874e-02],
        [ 1.8916e-02],
        [ 3.3176e-02],
        [ 1.6036e-01]], device='cuda:0')
predicting on cuda..
Starting Grouping
Grouping completed in 0.02381110191345215 seconds
Initializing Layer 7
Initializing Customized Model Parameters.
Init_method k-means
Method k-means
running k-means on cuda..
[running kmeans]: 6it [00:00, 12.31it/s, center_shift=0.000094, iteration=6, tol=0.000100]
Region saliency  dim torch.Size([16, 1])
Region saliency tensor([[-0.3086],
        [ 0.0213],
        [ 0.0010],
        [-0.0371],
        [-0.0106],
        [ 0.0380],
        [ 0.0112],
        [ 0.0050],
        [ 0.0693],
        [-0.0837],
        [-0.0020],
        [-0.0046],
        [-0.0147],
        [-0.0530],
        [-0.0200],
        [ 0.2850]], device='cuda:0')
predicting on cuda..
Starting Grouping
Grouping completed in 0.013570070266723633 seconds
Init_method k-means
Method k-means
running k-means on cuda..
[running kmeans]: 13it [00:00, 37.56it/s, center_shift=0.000092, iteration=13, tol=0.000100]
Region saliency  dim torch.Size([16, 1])
Region saliency tensor([[-0.2813],
        [-0.0023],
        [-0.1020],
        [-0.0202],
        [-0.0432],
        [-0.0132],
        [ 0.0663],
        [-0.0642],
        [ 0.0085],
        [ 0.0223],
        [ 0.0320],
        [-0.0075],
        [ 0.1034],
        [ 0.0456],
        [-0.0297],
        [ 0.2910]], device='cuda:0')
predicting on cuda..
Starting Grouping
Grouping completed in 0.010420083999633789 seconds
Init_method k-means
Method k-means
running k-means on cuda..
[running kmeans]: 3it [00:00, 38.33it/s, center_shift=0.000063, iteration=3, tol=0.000100]
Region saliency  dim torch.Size([16, 1])
Region saliency tensor([[-0.2020],
        [-0.0039],
        [ 0.0089],
        [-0.0067],
        [ 0.0055],
        [ 0.0020],
        [ 0.0036],
        [ 0.0008],
        [ 0.0111],
        [-0.0163],
        [ 0.0072],
        [-0.0018],
        [-0.0003],
        [-0.0104],
        [-0.0284],
        [ 0.1157]], device='cuda:0')
predicting on cuda..
Starting Grouping
Grouping completed in 0.009460687637329102 seconds
Init_method k-means
Method k-means
running k-means on cuda..
[running kmeans]: 3it [00:00, 11.80it/s, center_shift=0.000047, iteration=3, tol=0.000100]
Region saliency  dim torch.Size([16, 1])
Region saliency tensor([[-2.4838e-01],
        [ 1.5668e-02],
        [ 4.0785e-02],
        [-3.4215e-02],
        [-9.7395e-03],
        [-1.6854e-02],
        [ 2.1074e-05],
        [-3.7488e-03],
        [-1.2968e-02],
        [ 9.0025e-03],
        [ 6.7022e-03],
        [ 2.0980e-02],
        [-6.8974e-03],
        [ 2.8091e-02],
        [-2.2484e-02],
        [ 2.4281e-01]], device='cuda:0')
predicting on cuda..
Starting Grouping
Grouping completed in 0.021442413330078125 seconds
Initializing Layer 8
Initializing Customized Model Parameters.
Init_method k-means
Method k-means
running k-means on cuda..
[running kmeans]: 2it [00:00,  6.48it/s, center_shift=0.000028, iteration=2, tol=0.000100]
Region saliency  dim torch.Size([16, 1])
Region saliency tensor([[-1.2707e-01],
        [-1.4626e-02],
        [-1.1883e-02],
        [-3.3450e-03],
        [-8.4220e-04],
        [-2.1215e-03],
        [-8.6656e-03],
        [-4.3071e-02],
        [-7.4484e-03],
        [-5.2726e-03],
        [-3.3081e-02],
        [-6.3723e-03],
        [-1.0155e-02],
        [-2.6345e-02],
        [-1.9647e-02],
        [-3.5201e-06]], device='cuda:0')
predicting on cuda..
Starting Grouping
Grouping completed in 0.024194002151489258 seconds
Init_method k-means
Method k-means
running k-means on cuda..
[running kmeans]: 2it [00:00,  6.64it/s, center_shift=0.000016, iteration=2, tol=0.000100]
Region saliency  dim torch.Size([16, 1])
Region saliency tensor([[-1.3620e-01],
        [-1.3671e-02],
        [-3.9744e-02],
        [-5.0720e-03],
        [-1.0944e-02],
        [-9.4807e-03],
        [-1.2953e-03],
        [-7.8172e-03],
        [-1.6336e-02],
        [-2.0591e-02],
        [-8.4669e-03],
        [-7.2298e-03],
        [-3.4923e-03],
        [-1.4516e-02],
        [-1.2525e-02],
        [ 3.0145e-06]], device='cuda:0')
predicting on cuda..
Starting Grouping
Grouping completed in 0.023091554641723633 seconds
Init_method k-means
Method k-means
running k-means on cuda..
[running kmeans]: 2it [00:00,  7.04it/s, center_shift=0.000026, iteration=2, tol=0.000100]
Region saliency  dim torch.Size([16, 1])
Region saliency tensor([[-3.5160e-06],
        [ 1.1305e-02],
        [ 1.9689e-03],
        [ 7.0987e-03],
        [ 1.8791e-02],
        [ 1.5221e-02],
        [ 1.0359e-02],
        [ 4.1820e-02],
        [ 2.1347e-02],
        [ 8.8428e-03],
        [ 5.8658e-03],
        [ 2.5101e-02],
        [ 1.3402e-02],
        [ 3.0946e-02],
        [ 1.2086e-02],
        [ 1.2625e-01]], device='cuda:0')
predicting on cuda..
Starting Grouping
Grouping completed in 0.023679256439208984 seconds
Init_method k-means
Method k-means
running k-means on cuda..
[running kmeans]: 2it [00:00,  6.68it/s, center_shift=0.000016, iteration=2, tol=0.000100]
Region saliency  dim torch.Size([16, 1])
Region saliency tensor([[3.0165e-06],
        [9.3373e-03],
        [7.0767e-03],
        [1.1092e-02],
        [9.0427e-04],
        [1.9704e-02],
        [3.9994e-03],
        [3.6496e-02],
        [1.3198e-02],
        [3.2485e-03],
        [2.3556e-03],
        [6.4485e-03],
        [4.8641e-03],
        [5.7297e-03],
        [2.5396e-02],
        [1.4044e-01]], device='cuda:0')
predicting on cuda..
Starting Grouping
Grouping completed in 0.02336287498474121 seconds
Initializing Layer 9
Initializing Customized Model Parameters.
Init_method k-means
Method k-means
running k-means on cuda..
[running kmeans]: 8it [00:00, 12.48it/s, center_shift=0.000097, iteration=8, tol=0.000100]
Region saliency  dim torch.Size([16, 1])
Region saliency tensor([[-0.3792],
        [ 0.0356],
        [ 0.0023],
        [ 0.0627],
        [-0.0392],
        [-0.0032],
        [ 0.0972],
        [-0.0695],
        [ 0.0234],
        [ 0.0133],
        [-0.0242],
        [ 0.0079],
        [-0.0153],
        [ 0.0458],
        [-0.0088],
        [ 0.3477]], device='cuda:0')
predicting on cuda..
Starting Grouping
Grouping completed in 0.013547420501708984 seconds
Init_method k-means
Method k-means
running k-means on cuda..
[running kmeans]: 16it [00:00, 42.63it/s, center_shift=0.000097, iteration=16, tol=0.000100]
Region saliency  dim torch.Size([16, 1])
Region saliency tensor([[-0.4260],
        [-0.0131],
        [ 0.1030],
        [ 0.0176],
        [ 0.0094],
        [-0.0247],
        [-0.0183],
        [-0.0335],
        [-0.1056],
        [-0.0081],
        [ 0.0642],
        [-0.0668],
        [ 0.0282],
        [-0.0464],
        [ 0.0426],
        [ 0.3669]], device='cuda:0')
predicting on cuda..
Starting Grouping
Grouping completed in 0.009317874908447266 seconds
Init_method k-means
Method k-means
running k-means on cuda..
[running kmeans]: 2it [00:00, 43.60it/s, center_shift=0.000064, iteration=2, tol=0.000100]
Region saliency  dim torch.Size([16, 1])
Region saliency tensor([[-0.1240],
        [ 0.0233],
        [-0.0095],
        [ 0.0066],
        [ 0.0004],
        [-0.0259],
        [ 0.0028],
        [ 0.0081],
        [ 0.0347],
        [ 0.0043],
        [-0.0153],
        [-0.0033],
        [ 0.0055],
        [-0.0114],
        [-0.0070],
        [ 0.1083]], device='cuda:0')
predicting on cuda..
Starting Grouping
Grouping completed in 0.009618759155273438 seconds
Init_method k-means
Method k-means
running k-means on cuda..
[running kmeans]: 3it [00:00, 12.55it/s, center_shift=0.000094, iteration=3, tol=0.000100]
Region saliency  dim torch.Size([16, 1])
Region saliency tensor([[-0.3416],
        [ 0.0084],
        [ 0.0235],
        [ 0.0168],
        [-0.0166],
        [-0.0061],
        [ 0.0283],
        [-0.0086],
        [-0.0294],
        [ 0.0044],
        [ 0.0203],
        [-0.0010],
        [ 0.0013],
        [-0.0035],
        [-0.0113],
        [ 0.4062]], device='cuda:0')
predicting on cuda..
Starting Grouping
Grouping completed in 0.013194084167480469 seconds
Initializing Layer 10
Initializing Customized Model Parameters.
Init_method k-means
Method k-means
running k-means on cuda..
[running kmeans]: 2it [00:00,  6.12it/s, center_shift=0.000036, iteration=2, tol=0.000100]
Region saliency  dim torch.Size([16, 1])
Region saliency tensor([[-1.2150e-01],
        [-4.2521e-02],
        [-2.8180e-02],
        [-2.4777e-02],
        [-5.5578e-04],
        [-1.0579e-02],
        [-1.3364e-02],
        [-4.6759e-03],
        [-1.8280e-02],
        [-1.9038e-03],
        [-5.9987e-03],
        [-3.4137e-03],
        [-3.2466e-02],
        [-2.0931e-02],
        [-1.5703e-02],
        [ 2.5939e-06]], device='cuda:0')
predicting on cuda..
Starting Grouping
Grouping completed in 0.02226996421813965 seconds
Init_method k-means
Method k-means
running k-means on cuda..
[running kmeans]: 2it [00:00,  6.21it/s, center_shift=0.000019, iteration=2, tol=0.000100]
Region saliency  dim torch.Size([16, 1])
Region saliency tensor([[-1.6579e-01],
        [-1.0665e-02],
        [-5.3535e-03],
        [-2.2590e-03],
        [-1.1271e-02],
        [-7.5252e-03],
        [-1.3964e-02],
        [-2.5016e-02],
        [-9.4536e-03],
        [-3.4574e-03],
        [-3.7049e-02],
        [-1.8118e-02],
        [-1.4869e-03],
        [-1.7457e-03],
        [-4.2682e-04],
        [ 5.0614e-07]], device='cuda:0')
predicting on cuda..
Starting Grouping
Grouping completed in 0.02460336685180664 seconds
Init_method k-means
Method k-means
running k-means on cuda..
[running kmeans]: 1it [00:00,  6.82it/s, center_shift=0.000060, iteration=1, tol=0.000100]
Region saliency  dim torch.Size([16, 1])
Region saliency tensor([[2.5939e-06],
        [1.5778e-02],
        [7.8529e-03],
        [6.2483e-03],
        [2.0634e-02],
        [1.7029e-02],
        [4.9941e-03],
        [1.3180e-03],
        [5.5069e-03],
        [5.2647e-03],
        [3.1229e-02],
        [9.7329e-03],
        [1.2929e-02],
        [1.1226e-02],
        [3.4032e-03],
        [1.2964e-01]], device='cuda:0')
predicting on cuda..
Starting Grouping
Grouping completed in 0.02327561378479004 seconds
Init_method k-means
Method k-means
running k-means on cuda..
[running kmeans]: 2it [00:00,  6.52it/s, center_shift=0.000050, iteration=2, tol=0.000100]
Region saliency  dim torch.Size([16, 1])
Region saliency tensor([[5.0680e-07],
        [1.8915e-02],
        [6.0382e-03],
        [4.0016e-03],
        [6.7304e-03],
        [3.3110e-02],
        [1.3734e-02],
        [2.2614e-03],
        [5.2262e-03],
        [8.1212e-03],
        [5.7074e-03],
        [8.8678e-04],
        [2.2600e-02],
        [1.7443e-02],
        [1.0609e-02],
        [1.6403e-01]], device='cuda:0')
predicting on cuda..
Starting Grouping
Grouping completed in 0.022747516632080078 seconds
Initializing Layer 11
Initializing Customized Model Parameters.
Init_method k-means
Method k-means
running k-means on cuda..
[running kmeans]: 5it [00:00, 12.55it/s, center_shift=0.000086, iteration=5, tol=0.000100]
Region saliency  dim torch.Size([16, 1])
Region saliency tensor([[-0.8007],
        [ 0.0353],
        [-0.0137],
        [-0.0018],
        [-0.0887],
        [ 0.0818],
        [ 0.0510],
        [ 0.0177],
        [-0.0323],
        [ 0.0109],
        [-0.0079],
        [-0.0194],
        [ 0.0044],
        [-0.0421],
        [-0.0578],
        [ 0.5353]], device='cuda:0')
predicting on cuda..
Starting Grouping
Grouping completed in 0.01404571533203125 seconds
Init_method k-means
Method k-means
running k-means on cuda..
[running kmeans]: 20it [00:00, 39.72it/s, center_shift=0.000100, iteration=20, tol=0.000100]
Region saliency  dim torch.Size([16, 1])
Region saliency tensor([[-1.1327e+00],
        [-1.3321e-02],
        [-6.7614e-02],
        [-3.0734e-02],
        [ 5.5018e-03],
        [-7.8040e-03],
        [ 1.0622e-01],
        [ 1.8547e-02],
        [ 9.2381e-04],
        [-2.0606e-02],
        [ 2.8847e-02],
        [-1.0708e-01],
        [ 6.6165e-02],
        [-4.5388e-02],
        [-3.2929e-03],
        [ 1.0780e+00]], device='cuda:0')
predicting on cuda..
Starting Grouping
Grouping completed in 0.009870767593383789 seconds
Init_method k-means
Method k-means
running k-means on cuda..
[running kmeans]: 2it [00:00, 46.07it/s, center_shift=0.000040, iteration=2, tol=0.000100]
Region saliency  dim torch.Size([16, 1])
Region saliency tensor([[-0.1389],
        [ 0.0139],
        [ 0.0164],
        [ 0.0268],
        [-0.0015],
        [-0.0204],
        [ 0.0052],
        [-0.0045],
        [-0.0292],
        [ 0.0099],
        [-0.0005],
        [-0.0071],
        [-0.0148],
        [-0.0105],
        [-0.0027],
        [ 0.0914]], device='cuda:0')
predicting on cuda..
Starting Grouping
Grouping completed in 0.01098489761352539 seconds
Init_method k-means
Method k-means
running k-means on cuda..
[running kmeans]: 2it [00:00, 12.70it/s, center_shift=0.000095, iteration=2, tol=0.000100]
Region saliency  dim torch.Size([16, 1])
Region saliency tensor([[-0.3533],
        [ 0.0182],
        [-0.0024],
        [-0.0060],
        [-0.0160],
        [ 0.0099],
        [-0.0325],
        [-0.0192],
        [ 0.0375],
        [-0.0045],
        [ 0.0254],
        [-0.0085],
        [-0.0230],
        [ 0.0133],
        [-0.0122],
        [ 0.4647]], device='cuda:0')
predicting on cuda..
Starting Grouping
Grouping completed in 0.019766569137573242 seconds
Initializing Layer 12
Initializing Customized Model Parameters.
Init_method k-means
Method k-means
running k-means on cuda..
[running kmeans]: 2it [00:00,  6.79it/s, center_shift=0.000013, iteration=2, tol=0.000100]
Region saliency  dim torch.Size([16, 1])
Region saliency tensor([[-1.2881e-01],
        [-2.2803e-03],
        [-3.0405e-03],
        [-7.2614e-03],
        [-6.6232e-03],
        [-7.9788e-03],
        [-9.8046e-03],
        [-3.4886e-02],
        [-1.4490e-03],
        [-5.0263e-04],
        [-1.1385e-02],
        [-5.8084e-03],
        [-3.8619e-03],
        [-4.8257e-03],
        [-1.5145e-02],
        [ 5.4015e-08]], device='cuda:0')
predicting on cuda..
Starting Grouping
Grouping completed in 0.022528886795043945 seconds
Init_method k-means
Method k-means
running k-means on cuda..
[running kmeans]: 2it [00:00,  6.51it/s, center_shift=0.000041, iteration=2, tol=0.000100]
Region saliency  dim torch.Size([16, 1])
Region saliency tensor([[-2.0079e-01],
        [-9.9492e-03],
        [-2.8959e-02],
        [-2.4934e-02],
        [-2.1673e-02],
        [-1.8137e-02],
        [-1.1910e-02],
        [-5.5048e-03],
        [-3.9128e-03],
        [-3.9135e-02],
        [-7.5575e-03],
        [-1.4205e-02],
        [-8.6436e-04],
        [-2.4620e-03],
        [-1.5504e-02],
        [ 5.0402e-06]], device='cuda:0')
predicting on cuda..
Starting Grouping
Grouping completed in 0.02334308624267578 seconds
Init_method k-means
Method k-means
running k-means on cuda..
[running kmeans]: 2it [00:00,  7.08it/s, center_shift=0.000047, iteration=2, tol=0.000100]
Region saliency  dim torch.Size([16, 1])
Region saliency tensor([[5.4530e-08],
        [6.4165e-03],
        [1.7232e-02],
        [1.1141e-02],
        [1.2563e-02],
        [2.0006e-02],
        [8.3908e-03],
        [1.6076e-02],
        [7.8091e-03],
        [7.2815e-03],
        [9.1867e-03],
        [3.4142e-03],
        [5.0710e-03],
        [1.4419e-02],
        [3.0450e-02],
        [1.3262e-01]], device='cuda:0')
predicting on cuda..
Starting Grouping
Grouping completed in 0.025350332260131836 seconds
Init_method k-means
Method k-means
running k-means on cuda..
[running kmeans]: 1it [00:00,  7.23it/s, center_shift=0.000076, iteration=1, tol=0.000100]
Region saliency  dim torch.Size([16, 1])
Region saliency tensor([[5.0426e-06],
        [4.0276e-03],
        [6.1765e-03],
        [8.8551e-03],
        [1.2628e-02],
        [6.6148e-03],
        [1.8252e-02],
        [4.6185e-03],
        [5.5844e-03],
        [3.1871e-03],
        [2.9817e-02],
        [1.3959e-02],
        [7.1632e-03],
        [5.7927e-04],
        [1.9282e-03],
        [2.0404e-01]], device='cuda:0')
predicting on cuda..
Starting Grouping
Grouping completed in 0.023697853088378906 seconds
Initializing Layer 13
Initializing Customized Model Parameters.
Init_method k-means
Method k-means
running k-means on cuda..
[running kmeans]: 9it [00:00, 12.46it/s, center_shift=0.000096, iteration=9, tol=0.000100]
Region saliency  dim torch.Size([16, 1])
Region saliency tensor([[-0.2197],
        [-0.0214],
        [ 0.0423],
        [-0.0351],
        [ 0.0700],
        [ 0.0066],
        [ 0.0008],
        [-0.0030],
        [ 0.0039],
        [ 0.0091],
        [ 0.0117],
        [ 0.0152],
        [ 0.0284],
        [-0.0074],
        [ 0.0203],
        [ 0.2130]], device='cuda:0')
predicting on cuda..
Starting Grouping
Grouping completed in 0.013551473617553711 seconds
Init_method k-means
Method k-means
running k-means on cuda..
[running kmeans]: 21it [00:00, 40.33it/s, center_shift=0.000095, iteration=21, tol=0.000100]
Region saliency  dim torch.Size([16, 1])
Region saliency tensor([[-0.3864],
        [-0.0821],
        [ 0.0270],
        [ 0.0030],
        [-0.0036],
        [-0.1351],
        [ 0.0843],
        [ 0.0176],
        [ 0.0567],
        [ 0.0393],
        [-0.0103],
        [-0.0551],
        [ 0.1382],
        [-0.0266],
        [ 0.0098],
        [ 0.3712]], device='cuda:0')
predicting on cuda..
Starting Grouping
Grouping completed in 0.010217666625976562 seconds
Init_method k-means
Method k-means
running k-means on cuda..
[running kmeans]: 2it [00:00, 36.27it/s, center_shift=0.000066, iteration=2, tol=0.000100]
Region saliency  dim torch.Size([16, 1])
Region saliency tensor([[-0.1268],
        [ 0.0125],
        [-0.0132],
        [ 0.0179],
        [ 0.0089],
        [ 0.0030],
        [-0.0027],
        [-0.0100],
        [ 0.0013],
        [-0.0233],
        [ 0.0045],
        [ 0.0375],
        [-0.0077],
        [-0.0051],
        [-0.0006],
        [ 0.1579]], device='cuda:0')
predicting on cuda..
Starting Grouping
Grouping completed in 0.009763479232788086 seconds
Init_method k-means
Method k-means
running k-means on cuda..
[running kmeans]: 3it [00:00, 12.26it/s, center_shift=0.000066, iteration=3, tol=0.000100]
Region saliency  dim torch.Size([16, 1])
Region saliency tensor([[-0.2713],
        [-0.0104],
        [ 0.0036],
        [ 0.0093],
        [-0.0083],
        [-0.0139],
        [-0.0057],
        [ 0.0302],
        [ 0.0010],
        [ 0.0126],
        [-0.0118],
        [-0.0189],
        [-0.0307],
        [-0.0032],
        [ 0.0183],
        [ 0.2491]], device='cuda:0')
predicting on cuda..
Starting Grouping
Grouping completed in 0.020309925079345703 seconds
Initializing Layer 14
Initializing Customized Model Parameters.
Init_method k-means
Method k-means
running k-means on cuda..
[running kmeans]: 2it [00:00,  6.85it/s, center_shift=0.000011, iteration=2, tol=0.000100]
Region saliency  dim torch.Size([16, 1])
Region saliency tensor([[-1.2421e-01],
        [-1.1786e-03],
        [-1.6453e-02],
        [-8.7135e-03],
        [-9.3754e-03],
        [-6.6292e-03],
        [-1.4408e-02],
        [-7.8736e-03],
        [-4.1493e-02],
        [-2.7209e-03],
        [-4.8013e-03],
        [-1.3067e-02],
        [-3.1593e-04],
        [-2.8122e-02],
        [-2.0531e-02],
        [ 7.7308e-07]], device='cuda:0')
predicting on cuda..
Starting Grouping
Grouping completed in 0.02353978157043457 seconds
Init_method k-means
Method k-means
running k-means on cuda..
[running kmeans]: 2it [00:00,  6.17it/s, center_shift=0.000024, iteration=2, tol=0.000100]
Region saliency  dim torch.Size([16, 1])
Region saliency tensor([[-2.0586e-01],
        [-2.3720e-02],
        [-4.7987e-03],
        [-7.9297e-04],
        [-8.6996e-03],
        [-3.6763e-03],
        [-1.0033e-02],
        [-2.3191e-03],
        [-2.8198e-02],
        [-2.0384e-02],
        [-1.3935e-02],
        [-6.6743e-03],
        [-1.6898e-02],
        [-5.7341e-03],
        [-7.6667e-03],
        [ 3.8701e-06]], device='cuda:0')
predicting on cuda..
Starting Grouping
Grouping completed in 0.0230100154876709 seconds
Init_method k-means
Method k-means
running k-means on cuda..
[running kmeans]: 2it [00:00,  6.98it/s, center_shift=0.000054, iteration=2, tol=0.000100]
Region saliency  dim torch.Size([16, 1])
Region saliency tensor([[7.7338e-07],
        [3.1375e-02],
        [4.4084e-03],
        [6.6070e-04],
        [1.2183e-02],
        [1.7484e-02],
        [2.7617e-03],
        [1.8124e-03],
        [1.6494e-02],
        [1.8126e-02],
        [4.5332e-02],
        [1.9440e-02],
        [2.1429e-02],
        [1.7030e-02],
        [2.4540e-02],
        [1.1988e-01]], device='cuda:0')
predicting on cuda..
Starting Grouping
Grouping completed in 0.02499222755432129 seconds
Init_method k-means
Method k-means
running k-means on cuda..
[running kmeans]: 2it [00:00,  6.52it/s, center_shift=0.000034, iteration=2, tol=0.000100]
Region saliency  dim torch.Size([16, 1])
Region saliency tensor([[3.8733e-06],
        [1.9016e-02],
        [1.5241e-02],
        [2.7442e-03],
        [9.5536e-04],
        [1.1606e-02],
        [1.8264e-03],
        [1.2991e-02],
        [7.7756e-03],
        [4.1774e-03],
        [4.8671e-03],
        [3.5316e-02],
        [2.4309e-02],
        [6.0165e-03],
        [9.8431e-03],
        [2.1699e-01]], device='cuda:0')
predicting on cuda..
Starting Grouping
Grouping completed in 0.024332046508789062 seconds
Initializing Layer 15
Initializing Customized Model Parameters.
Init_method k-means
Method k-means
running k-means on cuda..
[running kmeans]: 4it [00:00, 12.64it/s, center_shift=0.000082, iteration=4, tol=0.000100]
Region saliency  dim torch.Size([16, 1])
Region saliency tensor([[-0.2641],
        [ 0.0382],
        [ 0.1097],
        [ 0.0301],
        [ 0.0093],
        [-0.0020],
        [-0.0410],
        [-0.0257],
        [ 0.0509],
        [-0.0082],
        [ 0.0245],
        [ 0.0037],
        [-0.0724],
        [ 0.0717],
        [-0.0157],
        [ 0.3029]], device='cuda:0')
predicting on cuda..
Starting Grouping
Grouping completed in 0.01949763298034668 seconds
Init_method k-means
Method k-means
running k-means on cuda..
[running kmeans]: 14it [00:00, 37.27it/s, center_shift=0.000099, iteration=14, tol=0.000100]
Region saliency  dim torch.Size([16, 1])
Region saliency tensor([[-0.3338],
        [-0.0211],
        [ 0.0393],
        [ 0.0519],
        [-0.1080],
        [ 0.0237],
        [ 0.0103],
        [-0.0466],
        [ 0.0723],
        [ 0.1100],
        [-0.0319],
        [ 0.0032],
        [ 0.0172],
        [-0.0688],
        [ 0.0306],
        [ 0.2926]], device='cuda:0')
predicting on cuda..
Starting Grouping
Grouping completed in 0.009790897369384766 seconds
Init_method k-means
Method k-means
running k-means on cuda..
[running kmeans]: 2it [00:00, 32.50it/s, center_shift=0.000055, iteration=2, tol=0.000100]
Region saliency  dim torch.Size([16, 1])
Region saliency tensor([[-0.0918],
        [-0.0015],
        [-0.0195],
        [ 0.0014],
        [-0.0299],
        [-0.0125],
        [-0.0057],
        [ 0.0054],
        [-0.0109],
        [ 0.0252],
        [-0.0095],
        [ 0.0122],
        [-0.0078],
        [ 0.0003],
        [-0.0149],
        [ 0.0867]], device='cuda:0')
predicting on cuda..
Starting Grouping
Grouping completed in 0.009835958480834961 seconds
Init_method k-means
Method k-means
running k-means on cuda..
[running kmeans]: 2it [00:00, 12.63it/s, center_shift=0.000095, iteration=2, tol=0.000100]
Region saliency  dim torch.Size([16, 1])
Region saliency tensor([[-0.3696],
        [ 0.0174],
        [ 0.0162],
        [-0.0380],
        [ 0.0316],
        [ 0.0081],
        [ 0.0184],
        [-0.0123],
        [-0.0029],
        [-0.0219],
        [ 0.0211],
        [-0.0064],
        [-0.0004],
        [ 0.0018],
        [ 0.0046],
        [ 0.2520]], device='cuda:0')
predicting on cuda..
Starting Grouping
Grouping completed in 0.014557123184204102 seconds
Initializing Layer 16
Initializing Customized Model Parameters.
Init_method k-means
Method k-means
running k-means on cuda..
[running kmeans]: 2it [00:00,  6.84it/s, center_shift=0.000028, iteration=2, tol=0.000100]
Region saliency  dim torch.Size([16, 1])
Region saliency tensor([[-1.2071e-01],
        [-1.8826e-03],
        [-2.4385e-02],
        [-1.7790e-02],
        [-1.3300e-02],
        [-2.0478e-02],
        [-7.4315e-03],
        [-1.1448e-02],
        [-3.1387e-02],
        [-4.8240e-03],
        [-1.5293e-02],
        [-2.6376e-02],
        [-8.3585e-03],
        [-9.6603e-03],
        [-6.4266e-03],
        [ 4.2965e-06]], device='cuda:0')
predicting on cuda..
Starting Grouping
Grouping completed in 0.02456188201904297 seconds
Init_method k-means
Method k-means
running k-means on cuda..
[running kmeans]: 2it [00:00,  6.72it/s, center_shift=0.000028, iteration=2, tol=0.000100]
Region saliency  dim torch.Size([16, 1])
Region saliency tensor([[-2.0603e-01],
        [-7.2157e-03],
        [-1.0504e-03],
        [-4.7206e-03],
        [-2.5707e-02],
        [-2.6741e-03],
        [-3.7430e-02],
        [-5.5697e-03],
        [-2.0507e-02],
        [-8.0407e-03],
        [-6.3950e-03],
        [-3.4761e-03],
        [-9.1887e-03],
        [-1.7161e-02],
        [-1.1266e-02],
        [-5.4570e-06]], device='cuda:0')
predicting on cuda..
Starting Grouping
Grouping completed in 0.023714303970336914 seconds
Init_method k-means
Method k-means
running k-means on cuda..
[running kmeans]: 2it [00:00,  6.52it/s, center_shift=0.000063, iteration=2, tol=0.000100]
Region saliency  dim torch.Size([16, 1])
Region saliency tensor([[4.2970e-06],
        [1.5725e-02],
        [2.3499e-02],
        [5.8992e-03],
        [2.6192e-02],
        [2.0051e-02],
        [5.3029e-04],
        [1.5058e-02],
        [1.4435e-02],
        [3.4847e-03],
        [1.3346e-02],
        [1.7665e-03],
        [3.6356e-02],
        [2.2242e-02],
        [1.7412e-02],
        [1.2179e-01]], device='cuda:0')
predicting on cuda..
Starting Grouping
Grouping completed in 0.02351236343383789 seconds
Init_method k-means
Method k-means
running k-means on cuda..
[running kmeans]: 2it [00:00,  7.09it/s, center_shift=0.000016, iteration=2, tol=0.000100]
Region saliency  dim torch.Size([16, 1])
Region saliency tensor([[-5.4518e-06],
        [ 9.1301e-03],
        [ 7.1852e-03],
        [ 4.8282e-04],
        [ 1.0605e-02],
        [ 2.6303e-03],
        [ 1.7458e-02],
        [ 3.1941e-02],
        [ 6.2822e-03],
        [ 1.3305e-02],
        [ 1.4846e-03],
        [ 2.1761e-02],
        [ 5.2236e-03],
        [ 4.5549e-02],
        [ 2.5630e-02],
        [ 2.0507e-01]], device='cuda:0')
predicting on cuda..
Starting Grouping
Grouping completed in 0.043544769287109375 seconds
Initializing Layer 17
Initializing Customized Model Parameters.
Init_method k-means
Method k-means
running k-means on cuda..
[running kmeans]: 11it [00:00, 11.96it/s, center_shift=0.000095, iteration=11, tol=0.000100]
Region saliency  dim torch.Size([16, 1])
Region saliency tensor([[-4.7810e-01],
        [-1.9403e-03],
        [ 3.6595e-02],
        [ 1.7314e-03],
        [-7.5566e-05],
        [-1.1959e-02],
        [ 6.6091e-02],
        [-7.5622e-02],
        [-4.2530e-03],
        [ 7.2608e-03],
        [ 3.9624e-03],
        [ 2.1471e-02],
        [-1.8610e-02],
        [ 1.2606e-02],
        [-4.4831e-02],
        [ 4.9384e-01]], device='cuda:0')
predicting on cuda..
Starting Grouping
Grouping completed in 0.01806187629699707 seconds
Init_method k-means
Method k-means
running k-means on cuda..
[running kmeans]: 26it [00:00, 39.26it/s, center_shift=0.000097, iteration=26, tol=0.000100]
Region saliency  dim torch.Size([16, 1])
Region saliency tensor([[-5.1170e-01],
        [ 7.6673e-02],
        [ 5.0096e-02],
        [-4.8146e-02],
        [-7.0653e-03],
        [-2.0335e-02],
        [-2.7565e-02],
        [ 8.7901e-03],
        [-3.6445e-02],
        [ 1.2627e-01],
        [-9.1544e-02],
        [-6.4898e-02],
        [ 2.9660e-04],
        [ 3.2312e-02],
        [ 1.9115e-02],
        [ 4.5718e-01]], device='cuda:0')
predicting on cuda..
Starting Grouping
Grouping completed in 0.011045217514038086 seconds
Init_method k-means
Method k-means
running k-means on cuda..
[running kmeans]: 2it [00:00, 35.84it/s, center_shift=0.000059, iteration=2, tol=0.000100]
Region saliency  dim torch.Size([16, 1])
Region saliency tensor([[-0.0876],
        [ 0.0037],
        [ 0.0221],
        [-0.0187],
        [-0.0088],
        [ 0.0114],
        [ 0.0007],
        [-0.0051],
        [-0.0032],
        [-0.0013],
        [-0.0296],
        [ 0.0023],
        [ 0.0072],
        [-0.0071],
        [ 0.0052],
        [ 0.0797]], device='cuda:0')
predicting on cuda..
Starting Grouping
Grouping completed in 0.011054277420043945 seconds
Init_method k-means
Method k-means
running k-means on cuda..
[running kmeans]: 2it [00:00, 11.44it/s, center_shift=0.000056, iteration=2, tol=0.000100]
Region saliency  dim torch.Size([16, 1])
Region saliency tensor([[-0.3929],
        [ 0.0056],
        [-0.0121],
        [ 0.0104],
        [-0.0014],
        [ 0.0076],
        [ 0.0286],
        [-0.0030],
        [-0.0188],
        [-0.0062],
        [-0.0321],
        [ 0.0039],
        [ 0.0159],
        [-0.0044],
        [ 0.0023],
        [ 0.3125]], device='cuda:0')
predicting on cuda..
Starting Grouping
Grouping completed in 0.01617431640625 seconds
Initializing Layer 18
Initializing Customized Model Parameters.
Init_method k-means
Method k-means
running k-means on cuda..
[running kmeans]: 2it [00:00,  4.88it/s, center_shift=0.000062, iteration=2, tol=0.000100]
Region saliency  dim torch.Size([16, 1])
Region saliency tensor([[-1.1726e-01],
        [-1.7476e-02],
        [-1.2774e-02],
        [-1.9339e-02],
        [-2.5060e-02],
        [-1.8001e-02],
        [-2.6558e-02],
        [-1.1836e-03],
        [-1.5095e-02],
        [-2.1473e-02],
        [-2.3524e-02],
        [-8.9574e-03],
        [-1.7114e-02],
        [-4.5113e-03],
        [-2.9876e-02],
        [ 4.0302e-06]], device='cuda:0')
predicting on cuda..
Starting Grouping
Grouping completed in 0.037497520446777344 seconds
Init_method k-means
Method k-means
running k-means on cuda..
[running kmeans]: 2it [00:00,  5.12it/s, center_shift=0.000034, iteration=2, tol=0.000100]
Region saliency  dim torch.Size([16, 1])
Region saliency tensor([[-1.7782e-01],
        [-9.0649e-04],
        [-1.1178e-02],
        [-8.6424e-03],
        [-5.0970e-03],
        [-9.5336e-03],
        [-1.7228e-02],
        [-5.6169e-03],
        [-4.6973e-03],
        [-4.0158e-03],
        [-2.2069e-02],
        [-7.1993e-03],
        [-3.3510e-02],
        [-6.3492e-03],
        [-2.6695e-03],
        [-3.4876e-06]], device='cuda:0')
predicting on cuda..
Starting Grouping
Grouping completed in 0.038092613220214844 seconds
Init_method k-means
Method k-means
running k-means on cuda..
[running kmeans]: 1it [00:00,  4.72it/s, center_shift=0.000077, iteration=1, tol=0.000100]
Region saliency  dim torch.Size([16, 1])
Region saliency tensor([[4.0333e-06],
        [9.9811e-04],
        [7.2684e-03],
        [2.8642e-03],
        [3.7289e-02],
        [1.7760e-02],
        [8.2297e-03],
        [1.4932e-02],
        [8.7704e-03],
        [1.0500e-02],
        [4.4564e-03],
        [2.3488e-02],
        [9.4372e-03],
        [7.8185e-03],
        [5.5084e-03],
        [1.2098e-01]], device='cuda:0')
predicting on cuda..
Starting Grouping
Grouping completed in 0.04073834419250488 seconds
Init_method k-means
Method k-means
running k-means on cuda..
[running kmeans]: 2it [00:00,  5.90it/s, center_shift=0.000016, iteration=2, tol=0.000100]
Region saliency  dim torch.Size([16, 1])
Region saliency tensor([[-3.4865e-06],
        [ 7.5451e-03],
        [ 1.3213e-02],
        [ 1.9239e-02],
        [ 1.2159e-02],
        [ 1.1462e-02],
        [ 1.1024e-02],
        [ 1.6540e-02],
        [ 4.6320e-02],
        [ 4.5837e-03],
        [ 3.2377e-02],
        [ 9.5858e-03],
        [ 3.7975e-04],
        [ 1.0570e-02],
        [ 1.4686e-02],
        [ 1.8347e-01]], device='cuda:0')
predicting on cuda..
Starting Grouping
Grouping completed in 0.026917219161987305 seconds
Initializing Layer 19
Initializing Customized Model Parameters.
Init_method k-means
Method k-means
running k-means on cuda..
[running kmeans]: 12it [00:01, 11.93it/s, center_shift=0.000095, iteration=12, tol=0.000100]
Region saliency  dim torch.Size([16, 1])
Region saliency tensor([[-0.3671],
        [ 0.0125],
        [ 0.0256],
        [ 0.0429],
        [-0.0915],
        [-0.0103],
        [-0.0304],
        [ 0.0066],
        [-0.0042],
        [-0.0506],
        [-0.0184],
        [ 0.0012],
        [ 0.0788],
        [ 0.0333],
        [ 0.0566],
        [ 0.4257]], device='cuda:0')
predicting on cuda..
Starting Grouping
Grouping completed in 0.016424894332885742 seconds
Init_method k-means
Method k-means
running k-means on cuda..
[running kmeans]: 15it [00:00, 38.71it/s, center_shift=0.000092, iteration=15, tol=0.000100]
Region saliency  dim torch.Size([16, 1])
Region saliency tensor([[-0.3577],
        [-0.0701],
        [-0.1075],
        [ 0.0076],
        [-0.0022],
        [ 0.0143],
        [ 0.0576],
        [-0.0182],
        [-0.0069],
        [ 0.0945],
        [ 0.0369],
        [-0.0121],
        [ 0.0024],
        [ 0.0235],
        [-0.0257],
        [ 0.3926]], device='cuda:0')
predicting on cuda..
Starting Grouping
Grouping completed in 0.013236522674560547 seconds
Init_method k-means
Method k-means
running k-means on cuda..
[running kmeans]: 3it [00:00, 35.21it/s, center_shift=0.000073, iteration=3, tol=0.000100]
Region saliency  dim torch.Size([16, 1])
Region saliency tensor([[-0.1248],
        [ 0.0271],
        [ 0.0113],
        [-0.0013],
        [-0.0276],
        [ 0.0053],
        [ 0.0092],
        [-0.0159],
        [ 0.0065],
        [-0.0111],
        [-0.0085],
        [ 0.0077],
        [-0.0062],
        [-0.0038],
        [ 0.0036],
        [ 0.0997]], device='cuda:0')
predicting on cuda..
Starting Grouping
Grouping completed in 0.010036230087280273 seconds
Init_method k-means
Method k-means
running k-means on cuda..
[running kmeans]: 3it [00:00,  9.61it/s, center_shift=0.000088, iteration=3, tol=0.000100]
Region saliency  dim torch.Size([16, 1])
Region saliency tensor([[-4.4777e-01],
        [ 6.2245e-03],
        [ 1.3939e-02],
        [ 1.0105e-02],
        [-2.1391e-02],
        [ 7.3342e-04],
        [-1.3289e-02],
        [ 2.3522e-02],
        [-1.5440e-03],
        [ 3.7850e-02],
        [-3.6978e-02],
        [-1.4092e-04],
        [ 1.7610e-02],
        [ 1.6542e-03],
        [ 3.3080e-03],
        [ 5.0378e-01]], device='cuda:0')
predicting on cuda..
Starting Grouping
Grouping completed in 0.020693540573120117 seconds
Initializing Layer 20
Initializing Customized Model Parameters.
Init_method k-means
Method k-means
running k-means on cuda..
[running kmeans]: 2it [00:00,  5.33it/s, center_shift=0.000024, iteration=2, tol=0.000100]
Region saliency  dim torch.Size([16, 1])
Region saliency tensor([[-1.1446e-01],
        [-5.2379e-03],
        [-4.2309e-02],
        [-1.2183e-02],
        [-9.5634e-03],
        [-3.1824e-03],
        [-1.5788e-02],
        [-1.9517e-02],
        [-1.4310e-02],
        [-4.0579e-03],
        [-1.2292e-03],
        [-7.0876e-03],
        [-1.7179e-02],
        [-3.7709e-04],
        [-2.9999e-02],
        [-6.9947e-07]], device='cuda:0')
predicting on cuda..
Starting Grouping
Grouping completed in 0.02434229850769043 seconds
Init_method k-means
Method k-means
running k-means on cuda..
[running kmeans]: 2it [00:00,  5.19it/s, center_shift=0.000046, iteration=2, tol=0.000100]
Region saliency  dim torch.Size([16, 1])
Region saliency tensor([[-1.8356e-01],
        [-5.4445e-03],
        [-3.8634e-03],
        [-9.4771e-03],
        [-1.7471e-02],
        [-1.3133e-02],
        [-1.1511e-02],
        [-2.1383e-02],
        [-2.4502e-02],
        [-2.6214e-03],
        [-2.6585e-02],
        [-1.4674e-02],
        [-1.0099e-03],
        [-2.9261e-02],
        [-3.4217e-02],
        [-3.6586e-06]], device='cuda:0')
predicting on cuda..
Starting Grouping
Grouping completed in 0.025554180145263672 seconds
Init_method k-means
Method k-means
running k-means on cuda..
[running kmeans]: 1it [00:00,  6.34it/s, center_shift=0.000080, iteration=1, tol=0.000100]
Region saliency  dim torch.Size([16, 1])
Region saliency tensor([[-6.9785e-07],
        [ 1.6420e-02],
        [ 3.8706e-03],
        [ 4.9893e-02],
        [ 2.0205e-03],
        [ 3.5544e-02],
        [ 2.1505e-02],
        [ 8.4479e-03],
        [ 1.0830e-02],
        [ 3.0609e-03],
        [ 6.5488e-04],
        [ 9.9616e-03],
        [ 1.2732e-02],
        [ 6.0662e-03],
        [ 4.4459e-03],
        [ 1.1070e-01]], device='cuda:0')
predicting on cuda..
Starting Grouping
Grouping completed in 0.024651050567626953 seconds
Init_method k-means
Method k-means
running k-means on cuda..
[running kmeans]: 1it [00:00,  5.69it/s, center_shift=0.000070, iteration=1, tol=0.000100]
Region saliency  dim torch.Size([16, 1])
Region saliency tensor([[-3.6546e-06],
        [ 7.0935e-03],
        [ 1.3055e-02],
        [ 2.0086e-02],
        [ 3.0854e-02],
        [ 1.0910e-02],
        [ 1.1496e-02],
        [ 1.2123e-02],
        [ 4.4041e-03],
        [ 2.6528e-02],
        [ 5.4217e-02],
        [ 1.4736e-02],
        [ 3.9249e-02],
        [ 9.4496e-03],
        [ 2.3506e-02],
        [ 1.9328e-01]], device='cuda:0')
predicting on cuda..
Starting Grouping
Grouping completed in 0.026390552520751953 seconds
Initializing Layer 21
Initializing Customized Model Parameters.
Init_method k-means
Method k-means
running k-means on cuda..
[running kmeans]: 12it [00:01, 10.45it/s, center_shift=0.000093, iteration=12, tol=0.000100]
Region saliency  dim torch.Size([16, 1])
Region saliency tensor([[-0.3183],
        [-0.0387],
        [ 0.0031],
        [-0.0186],
        [-0.0937],
        [-0.0268],
        [-0.0035],
        [ 0.0271],
        [ 0.0064],
        [ 0.0107],
        [-0.0125],
        [ 0.0802],
        [ 0.0448],
        [-0.0579],
        [ 0.0170],
        [ 0.3967]], device='cuda:0')
predicting on cuda..
Starting Grouping
Grouping completed in 0.01917576789855957 seconds
Init_method k-means
Method k-means
running k-means on cuda..
[running kmeans]: 8it [00:00, 35.09it/s, center_shift=0.000089, iteration=8, tol=0.000100]
Region saliency  dim torch.Size([16, 1])
Region saliency tensor([[-0.2873],
        [ 0.0323],
        [ 0.1020],
        [ 0.0460],
        [-0.0644],
        [ 0.0217],
        [-0.0078],
        [-0.0999],
        [-0.0203],
        [-0.0351],
        [-0.0270],
        [-0.0140],
        [ 0.0658],
        [-0.0014],
        [-0.0463],
        [ 0.2944]], device='cuda:0')
predicting on cuda..
Starting Grouping
Grouping completed in 0.010005712509155273 seconds
Init_method k-means
Method k-means
running k-means on cuda..
[running kmeans]: 2it [00:00, 32.78it/s, center_shift=0.000063, iteration=2, tol=0.000100]
Region saliency  dim torch.Size([16, 1])
Region saliency tensor([[-0.1680],
        [ 0.0236],
        [ 0.0130],
        [ 0.0090],
        [-0.0014],
        [-0.0030],
        [-0.0071],
        [-0.0052],
        [-0.0233],
        [ 0.0035],
        [ 0.0056],
        [-0.0041],
        [ 0.0022],
        [ 0.0005],
        [-0.0119],
        [ 0.1669]], device='cuda:0')
predicting on cuda..
Starting Grouping
Grouping completed in 0.010002374649047852 seconds
Init_method k-means
Method k-means
running k-means on cuda..
[running kmeans]: 3it [00:00,  9.82it/s, center_shift=0.000072, iteration=3, tol=0.000100]
Region saliency  dim torch.Size([16, 1])
Region saliency tensor([[-5.1531e-01],
        [ 1.7884e-03],
        [ 3.6431e-03],
        [-2.7063e-02],
        [-1.2396e-03],
        [ 9.6345e-03],
        [ 4.6696e-03],
        [ 1.9563e-02],
        [ 4.7374e-04],
        [-7.0934e-03],
        [ 1.4249e-02],
        [ 6.4370e-03],
        [-3.5221e-03],
        [ 2.7833e-03],
        [-1.3634e-02],
        [ 6.0926e-01]], device='cuda:0')
predicting on cuda..
Starting Grouping
Grouping completed in 0.019097566604614258 seconds
Initializing Layer 22
Initializing Customized Model Parameters.
Init_method k-means
Method k-means
running k-means on cuda..
[running kmeans]: 2it [00:00,  5.02it/s, center_shift=0.000048, iteration=2, tol=0.000100]
Region saliency  dim torch.Size([16, 1])
Region saliency tensor([[-1.1477e-01],
        [-1.4104e-03],
        [-1.4292e-02],
        [-4.6032e-03],
        [-5.1521e-03],
        [-3.5579e-03],
        [-1.7533e-02],
        [-2.4952e-02],
        [-1.1583e-02],
        [-9.6283e-03],
        [-7.3257e-03],
        [-6.5923e-03],
        [-6.1020e-03],
        [-3.5881e-02],
        [-5.6408e-03],
        [-7.7462e-06]], device='cuda:0')
predicting on cuda..
Starting Grouping
Grouping completed in 0.031009912490844727 seconds
Init_method k-means
Method k-means
running k-means on cuda..
[running kmeans]: 2it [00:00,  5.57it/s, center_shift=0.000020, iteration=2, tol=0.000100]
Region saliency  dim torch.Size([16, 1])
Region saliency tensor([[-1.8786e-01],
        [-5.2123e-04],
        [-2.1564e-02],
        [-1.7335e-02],
        [-1.1872e-02],
        [-4.3860e-02],
        [-1.4439e-02],
        [-3.3708e-03],
        [-3.2306e-02],
        [-9.0577e-03],
        [-4.8574e-03],
        [-1.0562e-02],
        [-7.6309e-03],
        [-6.2548e-03],
        [-1.8150e-03],
        [ 7.1225e-06]], device='cuda:0')
predicting on cuda..
Starting Grouping
Grouping completed in 0.024367570877075195 seconds
Init_method k-means
Method k-means
running k-means on cuda..
[running kmeans]: 2it [00:00,  5.67it/s, center_shift=0.000027, iteration=2, tol=0.000100]
Region saliency  dim torch.Size([16, 1])
Region saliency tensor([[-7.7432e-06],
        [ 7.0244e-03],
        [ 4.9606e-03],
        [ 1.4633e-02],
        [ 1.1638e-02],
        [ 1.2646e-02],
        [ 1.3664e-02],
        [ 4.7762e-02],
        [ 3.6270e-02],
        [ 2.3291e-02],
        [ 1.7971e-03],
        [ 2.9346e-02],
        [ 1.0607e-02],
        [ 1.5993e-02],
        [ 8.2657e-03],
        [ 1.1378e-01]], device='cuda:0')
predicting on cuda..
Starting Grouping
Grouping completed in 0.025732040405273438 seconds
Init_method k-means
Method k-means
running k-means on cuda..
[running kmeans]: 2it [00:00,  5.51it/s, center_shift=0.000033, iteration=2, tol=0.000100]
Region saliency  dim torch.Size([16, 1])
Region saliency tensor([[7.1225e-06],
        [1.3755e-02],
        [1.6907e-02],
        [2.1839e-03],
        [7.5091e-04],
        [3.4256e-03],
        [2.0846e-02],
        [4.4500e-03],
        [8.8249e-03],
        [1.1356e-02],
        [2.3539e-02],
        [1.5520e-02],
        [6.8310e-03],
        [1.8564e-02],
        [5.4777e-03],
        [1.8411e-01]], device='cuda:0')
predicting on cuda..
Starting Grouping
Grouping completed in 0.025758743286132812 seconds
Initializing Layer 23
Initializing Customized Model Parameters.
Init_method k-means
Method k-means
running k-means on cuda..
[running kmeans]: 4it [00:00, 10.37it/s, center_shift=0.000084, iteration=4, tol=0.000100]
Region saliency  dim torch.Size([16, 1])
Region saliency tensor([[-0.2636],
        [-0.0193],
        [ 0.0159],
        [ 0.0063],
        [ 0.0102],
        [-0.0273],
        [ 0.0029],
        [ 0.0884],
        [-0.0084],
        [-0.0004],
        [ 0.0567],
        [-0.0684],
        [ 0.0375],
        [-0.0410],
        [-0.0041],
        [ 0.2215]], device='cuda:0')
predicting on cuda..
Starting Grouping
Grouping completed in 0.014436483383178711 seconds
Init_method k-means
Method k-means
running k-means on cuda..
[running kmeans]: 16it [00:00, 32.15it/s, center_shift=0.000090, iteration=16, tol=0.000100]
Region saliency  dim torch.Size([16, 1])
Region saliency tensor([[-0.4164],
        [-0.1278],
        [ 0.0086],
        [-0.0114],
        [-0.0058],
        [ 0.0563],
        [-0.0626],
        [ 0.0192],
        [-0.0481],
        [-0.0376],
        [ 0.0006],
        [-0.0295],
        [-0.0852],
        [ 0.0340],
        [-0.0228],
        [ 0.4377]], device='cuda:0')
predicting on cuda..
Starting Grouping
Grouping completed in 0.009922027587890625 seconds
Init_method k-means
Method k-means
running k-means on cuda..
[running kmeans]: 3it [00:00, 27.57it/s, center_shift=0.000061, iteration=3, tol=0.000100]
Region saliency  dim torch.Size([16, 1])
Region saliency tensor([[-0.1269],
        [ 0.0276],
        [-0.0287],
        [-0.0014],
        [ 0.0170],
        [ 0.0094],
        [ 0.0025],
        [ 0.0050],
        [-0.0115],
        [-0.0042],
        [ 0.0130],
        [ 0.0115],
        [ 0.0075],
        [-0.0076],
        [-0.0172],
        [ 0.1320]], device='cuda:0')
predicting on cuda..
Starting Grouping
Grouping completed in 0.014417409896850586 seconds
Init_method k-means
Method k-means
running k-means on cuda..
[running kmeans]: 2it [00:00, 10.20it/s, center_shift=0.000085, iteration=2, tol=0.000100]
Region saliency  dim torch.Size([16, 1])
Region saliency tensor([[-6.4926e-01],
        [-9.2025e-03],
        [-2.4115e-02],
        [-3.8641e-02],
        [-8.2215e-04],
        [ 6.2640e-04],
        [ 2.8453e-02],
        [ 1.4429e-02],
        [ 3.6451e-03],
        [-6.2275e-03],
        [ 7.2790e-03],
        [-1.1157e-02],
        [ 1.9753e-03],
        [-2.0934e-03],
        [-3.6475e-03],
        [ 5.1643e-01]], device='cuda:0')
predicting on cuda..
Starting Grouping
Grouping completed in 0.037751197814941406 seconds
Initializing Layer 24
Initializing Customized Model Parameters.
Init_method k-means
Method k-means
running k-means on cuda..
[running kmeans]: 2it [00:00,  6.00it/s, center_shift=0.000028, iteration=2, tol=0.000100]
Region saliency  dim torch.Size([16, 1])
Region saliency tensor([[-1.0970e-01],
        [-7.3272e-04],
        [-8.8300e-03],
        [-5.6261e-03],
        [-6.7058e-03],
        [-3.9425e-04],
        [-7.5894e-03],
        [-1.1001e-02],
        [-1.7582e-02],
        [-2.2736e-02],
        [-3.4735e-02],
        [-4.2937e-03],
        [-1.2133e-03],
        [-3.0003e-03],
        [-1.9515e-03],
        [ 2.9413e-06]], device='cuda:0')
predicting on cuda..
Starting Grouping
Grouping completed in 0.02417469024658203 seconds
Init_method k-means
Method k-means
running k-means on cuda..
[running kmeans]: 2it [00:00,  5.70it/s, center_shift=0.000036, iteration=2, tol=0.000100]
Region saliency  dim torch.Size([16, 1])
Region saliency tensor([[-1.4330e-01],
        [-8.5279e-03],
        [-1.1995e-02],
        [-1.6727e-02],
        [-7.3499e-03],
        [-3.3798e-02],
        [-1.3638e-02],
        [-6.2778e-04],
        [-1.8403e-02],
        [-4.0006e-03],
        [-2.2247e-02],
        [-4.9869e-03],
        [-6.1993e-03],
        [-3.0834e-03],
        [-1.9165e-03],
        [ 1.9856e-07]], device='cuda:0')
predicting on cuda..
Starting Grouping
Grouping completed in 0.024531841278076172 seconds
Init_method k-means
Method k-means
running k-means on cuda..
[running kmeans]: 2it [00:00,  7.06it/s, center_shift=0.000038, iteration=2, tol=0.000100]
Region saliency  dim torch.Size([16, 1])
Region saliency tensor([[2.9429e-06],
        [1.1954e-02],
        [4.8646e-02],
        [1.8960e-02],
        [1.4309e-02],
        [2.1465e-02],
        [7.0117e-03],
        [2.8216e-02],
        [1.7160e-02],
        [3.6108e-03],
        [1.3099e-02],
        [3.8378e-02],
        [1.0048e-02],
        [3.2880e-02],
        [2.4426e-02],
        [1.1715e-01]], device='cuda:0')
predicting on cuda..
Starting Grouping
Grouping completed in 0.025412559509277344 seconds
Init_method k-means
Method k-means
running k-means on cuda..
[running kmeans]: 2it [00:00,  5.48it/s, center_shift=0.000011, iteration=2, tol=0.000100]
Region saliency  dim torch.Size([16, 1])
Region saliency tensor([[2.0180e-07],
        [4.2265e-02],
        [9.6784e-04],
        [1.0505e-02],
        [2.4311e-02],
        [8.0749e-03],
        [5.1681e-03],
        [1.6983e-02],
        [3.0706e-02],
        [3.5432e-02],
        [4.0626e-03],
        [6.3761e-03],
        [5.3996e-02],
        [1.3502e-02],
        [2.0792e-02],
        [1.4275e-01]], device='cuda:0')
predicting on cuda..
Starting Grouping
Grouping completed in 0.02444005012512207 seconds
Initializing Layer 25
Initializing Customized Model Parameters.
Init_method k-means
Method k-means
running k-means on cuda..
[running kmeans]: 11it [00:01, 10.31it/s, center_shift=0.000096, iteration=11, tol=0.000100]
Region saliency  dim torch.Size([16, 1])
Region saliency tensor([[-0.3768],
        [-0.0166],
        [ 0.0227],
        [-0.0264],
        [ 0.0043],
        [-0.0055],
        [-0.0336],
        [ 0.0117],
        [-0.0964],
        [-0.0614],
        [-0.0128],
        [-0.0093],
        [ 0.0725],
        [-0.0210],
        [-0.0012],
        [ 0.3457]], device='cuda:0')
predicting on cuda..
Starting Grouping
Grouping completed in 0.01412200927734375 seconds
Init_method k-means
Method k-means
running k-means on cuda..
[running kmeans]: 17it [00:00, 27.71it/s, center_shift=0.000100, iteration=17, tol=0.000100]
Region saliency  dim torch.Size([16, 1])
Region saliency tensor([[-7.5371e-01],
        [-2.8219e-02],
        [ 1.1078e-01],
        [-5.5165e-05],
        [ 6.9653e-02],
        [-4.1866e-02],
        [-1.9300e-02],
        [-8.5273e-03],
        [ 3.0688e-02],
        [-1.3176e-02],
        [-6.3581e-02],
        [ 1.1284e-02],
        [ 1.9547e-02],
        [-1.0353e-01],
        [-4.3788e-03],
        [ 5.1559e-01]], device='cuda:0')
predicting on cuda..
Starting Grouping
Grouping completed in 0.00996255874633789 seconds
Init_method k-means
Method k-means
running k-means on cuda..
[running kmeans]: 2it [00:00, 25.51it/s, center_shift=0.000083, iteration=2, tol=0.000100]
Region saliency  dim torch.Size([16, 1])
Region saliency tensor([[-0.1309],
        [-0.0132],
        [-0.0349],
        [ 0.0222],
        [ 0.0466],
        [-0.0213],
        [ 0.0054],
        [ 0.0141],
        [-0.0075],
        [ 0.0072],
        [ 0.0082],
        [ 0.0324],
        [-0.0036],
        [ 0.0025],
        [-0.0006],
        [ 0.1796]], device='cuda:0')
predicting on cuda..
Starting Grouping
Grouping completed in 0.010309219360351562 seconds
Init_method k-means
Method k-means
running k-means on cuda..
[running kmeans]: 2it [00:00,  8.90it/s, center_shift=0.000082, iteration=2, tol=0.000100]
Region saliency  dim torch.Size([16, 1])
Region saliency tensor([[-5.7469e-01],
        [-1.9993e-02],
        [-1.1893e-02],
        [-2.6174e-04],
        [ 8.8651e-03],
        [-1.4861e-02],
        [-4.1898e-02],
        [-6.6206e-03],
        [ 6.4330e-03],
        [-9.9194e-03],
        [ 1.1792e-02],
        [ 1.7264e-02],
        [-4.0436e-03],
        [-8.2517e-03],
        [ 3.0187e-02],
        [ 6.9972e-01]], device='cuda:0')
predicting on cuda..
Starting Grouping
Grouping completed in 0.01968669891357422 seconds
Initializing Layer 26
Initializing Customized Model Parameters.
Init_method k-means
Method k-means
running k-means on cuda..
[running kmeans]: 2it [00:00,  5.74it/s, center_shift=0.000028, iteration=2, tol=0.000100]
Region saliency  dim torch.Size([16, 1])
Region saliency tensor([[-1.0394e-01],
        [-1.4263e-03],
        [-6.8201e-03],
        [-1.2958e-02],
        [-1.7321e-02],
        [-4.3133e-02],
        [-2.4675e-02],
        [-3.1046e-02],
        [-8.4895e-04],
        [-2.1056e-02],
        [-2.2002e-03],
        [-3.9735e-03],
        [-1.9088e-02],
        [-9.5140e-03],
        [-2.7102e-04],
        [-5.8056e-06]], device='cuda:0')
predicting on cuda..
Starting Grouping
Grouping completed in 0.02511000633239746 seconds
Init_method k-means
Method k-means
running k-means on cuda..
[running kmeans]: 2it [00:00,  5.63it/s, center_shift=0.000034, iteration=2, tol=0.000100]
Region saliency  dim torch.Size([16, 1])
Region saliency tensor([[-1.1010e-01],
        [-2.8912e-03],
        [-1.9412e-02],
        [-9.8354e-03],
        [-2.7835e-02],
        [-9.6233e-04],
        [-3.3301e-02],
        [-2.2218e-02],
        [-9.2348e-03],
        [-1.1868e-02],
        [-8.2953e-03],
        [-1.5543e-02],
        [-4.9046e-03],
        [-4.4730e-02],
        [-8.9693e-03],
        [ 5.5862e-07]], device='cuda:0')
predicting on cuda..
Starting Grouping
Grouping completed in 0.02605128288269043 seconds
Init_method k-means
Method k-means
running k-means on cuda..
[running kmeans]: 2it [00:00,  6.74it/s, center_shift=0.000019, iteration=2, tol=0.000100]
Region saliency  dim torch.Size([16, 1])
Region saliency tensor([[-5.8023e-06],
        [ 3.5965e-03],
        [ 1.6682e-02],
        [ 1.4328e-02],
        [ 5.1328e-04],
        [ 1.9075e-02],
        [ 1.5102e-03],
        [ 1.5870e-02],
        [ 7.8737e-03],
        [ 1.1397e-02],
        [ 1.7565e-02],
        [ 5.0060e-02],
        [ 3.6342e-02],
        [ 2.1943e-02],
        [ 2.7409e-02],
        [ 1.0489e-01]], device='cuda:0')
predicting on cuda..
Starting Grouping
Grouping completed in 0.02593851089477539 seconds
Init_method k-means
Method k-means
running k-means on cuda..
[running kmeans]: 2it [00:00,  6.48it/s, center_shift=0.000016, iteration=2, tol=0.000100]
Region saliency  dim torch.Size([16, 1])
Region saliency tensor([[5.6722e-07],
        [1.2434e-02],
        [1.8086e-03],
        [4.9944e-02],
        [2.3254e-02],
        [5.1940e-03],
        [7.9980e-03],
        [3.1267e-02],
        [1.0379e-02],
        [2.6350e-02],
        [1.3906e-02],
        [1.6989e-02],
        [3.8277e-02],
        [2.0115e-02],
        [1.5229e-02],
        [1.0835e-01]], device='cuda:0')
predicting on cuda..
Starting Grouping
Grouping completed in 0.04372859001159668 seconds
Initializing Layer 27
Initializing Customized Model Parameters.
Init_method k-means
Method k-means
running k-means on cuda..
[running kmeans]: 7it [00:00, 11.68it/s, center_shift=0.000094, iteration=7, tol=0.000100]
Region saliency  dim torch.Size([16, 1])
Region saliency tensor([[-0.3162],
        [-0.0151],
        [ 0.0398],
        [-0.0224],
        [-0.0483],
        [ 0.0687],
        [ 0.0043],
        [-0.0775],
        [-0.0325],
        [-0.0018],
        [-0.0053],
        [ 0.0075],
        [ 0.0111],
        [ 0.0164],
        [ 0.0013],
        [ 0.2929]], device='cuda:0')
predicting on cuda..
Starting Grouping
Grouping completed in 0.013505220413208008 seconds
Init_method k-means
Method k-means
running k-means on cuda..
[running kmeans]: 6it [00:00, 31.51it/s, center_shift=0.000089, iteration=6, tol=0.000100]
Region saliency  dim torch.Size([16, 1])
Region saliency tensor([[-0.3943],
        [-0.0030],
        [-0.0303],
        [-0.0625],
        [ 0.0961],
        [ 0.0238],
        [-0.0970],
        [-0.0434],
        [ 0.0086],
        [-0.0207],
        [ 0.0024],
        [ 0.0157],
        [ 0.0331],
        [-0.0080],
        [ 0.0449],
        [ 0.5351]], device='cuda:0')
predicting on cuda..
Starting Grouping
Grouping completed in 0.011083602905273438 seconds
Init_method k-means
Method k-means
running k-means on cuda..
[running kmeans]: 3it [00:00, 31.95it/s, center_shift=0.000099, iteration=3, tol=0.000100]
Region saliency  dim torch.Size([16, 1])
Region saliency tensor([[-0.1728],
        [-0.0042],
        [ 0.0314],
        [ 0.0068],
        [ 0.0039],
        [-0.0136],
        [-0.0230],
        [-0.0308],
        [ 0.0014],
        [ 0.0102],
        [-0.0472],
        [-0.0008],
        [ 0.0163],
        [-0.0180],
        [-0.0026],
        [ 0.1700]], device='cuda:0')
predicting on cuda..
Starting Grouping
Grouping completed in 0.010899066925048828 seconds
Init_method k-means
Method k-means
running k-means on cuda..
[running kmeans]: 3it [00:00, 11.65it/s, center_shift=0.000069, iteration=3, tol=0.000100]
Region saliency  dim torch.Size([16, 1])
Region saliency tensor([[-0.4807],
        [ 0.0044],
        [ 0.0247],
        [-0.0006],
        [ 0.0112],
        [ 0.0089],
        [ 0.0055],
        [ 0.0075],
        [-0.0135],
        [ 0.0146],
        [ 0.0457],
        [ 0.0319],
        [ 0.0192],
        [ 0.0025],
        [-0.0054],
        [ 0.3851]], device='cuda:0')
predicting on cuda..
Starting Grouping
Grouping completed in 0.02068352699279785 seconds
Initializing Layer 28
Initializing Customized Model Parameters.
Init_method k-means
Method k-means
running k-means on cuda..
[running kmeans]: 2it [00:00,  6.53it/s, center_shift=0.000035, iteration=2, tol=0.000100]
Region saliency  dim torch.Size([16, 1])
Region saliency tensor([[-1.1131e-01],
        [-1.8780e-03],
        [-5.9136e-04],
        [-7.1975e-03],
        [-4.3284e-03],
        [-1.4283e-02],
        [-2.2491e-02],
        [-2.0684e-02],
        [-5.2774e-03],
        [-1.8613e-02],
        [-3.2370e-03],
        [-1.6744e-02],
        [-3.0721e-02],
        [-4.3456e-02],
        [-1.0648e-02],
        [ 4.0689e-07]], device='cuda:0')
predicting on cuda..
Starting Grouping
Grouping completed in 0.03175473213195801 seconds
Init_method k-means
Method k-means
running k-means on cuda..
[running kmeans]: 2it [00:00,  6.28it/s, center_shift=0.000028, iteration=2, tol=0.000100]
Region saliency  dim torch.Size([16, 1])
Region saliency tensor([[-1.1796e-01],
        [-2.1987e-03],
        [-5.6369e-03],
        [-1.0446e-02],
        [-2.9146e-03],
        [-5.3234e-04],
        [-2.4227e-02],
        [-1.9019e-02],
        [-3.4024e-02],
        [-4.9613e-02],
        [-6.4172e-03],
        [-1.3777e-02],
        [-1.6475e-02],
        [-1.4846e-03],
        [-4.8617e-03],
        [-3.2205e-06]], device='cuda:0')
predicting on cuda..
Starting Grouping
Grouping completed in 0.028123855590820312 seconds
Init_method k-means
Method k-means
running k-means on cuda..
[running kmeans]: 2it [00:00,  5.93it/s, center_shift=0.000023, iteration=2, tol=0.000100]
Region saliency  dim torch.Size([16, 1])
Region saliency tensor([[4.0711e-07],
        [2.7552e-02],
        [4.5064e-02],
        [2.6777e-03],
        [5.5952e-03],
        [1.6693e-02],
        [9.4738e-03],
        [1.2231e-02],
        [3.3238e-02],
        [4.0389e-03],
        [1.4693e-02],
        [1.3338e-02],
        [1.9644e-02],
        [7.5875e-03],
        [1.0983e-02],
        [1.1494e-01]], device='cuda:0')
predicting on cuda..
Starting Grouping
Grouping completed in 0.029483318328857422 seconds
Init_method k-means
Method k-means
running k-means on cuda..
[running kmeans]: 1it [00:00,  6.58it/s, center_shift=0.000074, iteration=1, tol=0.000100]
Region saliency  dim torch.Size([16, 1])
Region saliency tensor([[-3.2188e-06],
        [ 5.4339e-03],
        [ 6.4335e-04],
        [ 2.0804e-02],
        [ 1.3204e-02],
        [ 2.5510e-03],
        [ 1.2173e-02],
        [ 1.8469e-02],
        [ 1.6663e-02],
        [ 8.2385e-03],
        [ 1.4588e-02],
        [ 3.6023e-03],
        [ 2.4468e-02],
        [ 1.6823e-03],
        [ 3.0327e-02],
        [ 1.1648e-01]], device='cuda:0')
predicting on cuda..
Starting Grouping
Grouping completed in 0.027410507202148438 seconds
Initializing Layer 29
Initializing Customized Model Parameters.
Init_method k-means
Method k-means
running k-means on cuda..
[running kmeans]: 14it [00:01, 10.64it/s, center_shift=0.000096, iteration=14, tol=0.000100]
Region saliency  dim torch.Size([16, 1])
Region saliency tensor([[-0.4608],
        [-0.0045],
        [-0.0799],
        [ 0.0903],
        [ 0.0186],
        [ 0.0130],
        [ 0.0554],
        [ 0.0284],
        [ 0.0224],
        [ 0.0101],
        [-0.0445],
        [-0.0255],
        [-0.0131],
        [ 0.0383],
        [ 0.0064],
        [ 0.4257]], device='cuda:0')
predicting on cuda..
Starting Grouping
Grouping completed in 0.013661384582519531 seconds
Init_method k-means
Method k-means
running k-means on cuda..
[running kmeans]: 29it [00:00, 36.37it/s, center_shift=0.000099, iteration=29, tol=0.000100]
Region saliency  dim torch.Size([16, 1])
Region saliency tensor([[-0.5820],
        [-0.0410],
        [-0.0170],
        [-0.0107],
        [-0.0314],
        [-0.1064],
        [ 0.0225],
        [ 0.0115],
        [ 0.0383],
        [ 0.1148],
        [-0.0539],
        [-0.0042],
        [-0.0731],
        [-0.0237],
        [ 0.0634],
        [ 0.5232]], device='cuda:0')
predicting on cuda..
Starting Grouping
Grouping completed in 0.010304450988769531 seconds
Init_method k-means
Method k-means
running k-means on cuda..
[running kmeans]: 10it [00:00, 35.94it/s, center_shift=0.000090, iteration=10, tol=0.000100]
Region saliency  dim torch.Size([16, 1])
Region saliency tensor([[-0.3027],
        [-0.0075],
        [ 0.0101],
        [-0.0332],
        [ 0.0498],
        [ 0.0010],
        [-0.0170],
        [ 0.0156],
        [ 0.0226],
        [-0.0120],
        [ 0.0327],
        [ 0.0971],
        [-0.0955],
        [-0.0236],
        [-0.0033],
        [ 0.3028]], device='cuda:0')
predicting on cuda..
Starting Grouping
Grouping completed in 0.010170936584472656 seconds
Init_method k-means
Method k-means
running k-means on cuda..
[running kmeans]: 3it [00:00, 12.10it/s, center_shift=0.000055, iteration=3, tol=0.000100]
Region saliency  dim torch.Size([16, 1])
Region saliency tensor([[-0.3595],
        [-0.0161],
        [-0.0210],
        [-0.0053],
        [ 0.0075],
        [ 0.0017],
        [ 0.0166],
        [-0.0067],
        [-0.0016],
        [ 0.0492],
        [-0.0116],
        [-0.0266],
        [-0.0536],
        [-0.0354],
        [-0.0085],
        [ 0.3652]], device='cuda:0')
predicting on cuda..
Starting Grouping
Grouping completed in 0.018634319305419922 seconds
Initializing Layer 30
Initializing Customized Model Parameters.
Init_method k-means
Method k-means
running k-means on cuda..
[running kmeans]: 2it [00:00,  6.18it/s, center_shift=0.000061, iteration=2, tol=0.000100]
Region saliency  dim torch.Size([16, 1])
Region saliency tensor([[-1.7085e-01],
        [-2.4579e-02],
        [-1.1276e-02],
        [-1.9879e-02],
        [-1.4303e-02],
        [-3.2127e-02],
        [-2.3751e-02],
        [-8.4191e-03],
        [-4.6102e-03],
        [-2.7460e-02],
        [-4.8478e-04],
        [-1.6896e-02],
        [-4.3775e-02],
        [-1.8574e-03],
        [-2.5495e-02],
        [ 1.4250e-06]], device='cuda:0')
predicting on cuda..
Starting Grouping
Grouping completed in 0.02570819854736328 seconds
Init_method k-means
Method k-means
running k-means on cuda..
[running kmeans]: 2it [00:00,  6.57it/s, center_shift=0.000009, iteration=2, tol=0.000100]
Region saliency  dim torch.Size([16, 1])
Region saliency tensor([[-1.2575e-01],
        [-2.1907e-03],
        [-1.1271e-03],
        [-5.3471e-02],
        [-3.1127e-04],
        [-1.7073e-02],
        [-1.3992e-02],
        [-1.0553e-02],
        [-6.6155e-03],
        [-3.9940e-02],
        [-3.1375e-02],
        [-2.4919e-02],
        [-3.2692e-03],
        [-4.3728e-03],
        [-5.5502e-03],
        [ 1.3370e-06]], device='cuda:0')
predicting on cuda..
Starting Grouping
Grouping completed in 0.026142358779907227 seconds
Init_method k-means
Method k-means
running k-means on cuda..
[running kmeans]: 1it [00:00,  6.37it/s, center_shift=0.000093, iteration=1, tol=0.000100]
Region saliency  dim torch.Size([16, 1])
Region saliency tensor([[1.4254e-06],
        [1.6984e-02],
        [1.4146e-03],
        [1.5175e-02],
        [3.8771e-02],
        [6.2004e-03],
        [1.6206e-02],
        [1.3620e-02],
        [2.0875e-02],
        [1.0268e-02],
        [7.8883e-03],
        [1.8348e-02],
        [2.5390e-02],
        [2.0017e-02],
        [4.2478e-03],
        [1.6307e-01]], device='cuda:0')
predicting on cuda..
Starting Grouping
Grouping completed in 0.025371074676513672 seconds
Init_method k-means
Method k-means
running k-means on cuda..
[running kmeans]: 2it [00:00,  6.22it/s, center_shift=0.000048, iteration=2, tol=0.000100]
Region saliency  dim torch.Size([16, 1])
Region saliency tensor([[1.3422e-06],
        [1.0466e-02],
        [1.6272e-02],
        [2.2619e-02],
        [1.9443e-02],
        [8.0194e-03],
        [8.4971e-03],
        [7.3242e-03],
        [2.7735e-02],
        [1.7487e-02],
        [3.9709e-02],
        [1.4623e-02],
        [1.7808e-03],
        [4.5946e-03],
        [9.1819e-03],
        [1.2409e-01]], device='cuda:0')
predicting on cuda..
Starting Grouping
Grouping completed in 0.02729177474975586 seconds
Initializing Layer 31
Initializing Customized Model Parameters.
Init_method k-means
Method k-means
running k-means on cuda..
[running kmeans]: 6it [00:00, 10.78it/s, center_shift=0.000095, iteration=6, tol=0.000100]
Region saliency  dim torch.Size([16, 1])
Region saliency tensor([[-3.2235e-01],
        [-1.4985e-03],
        [-2.3576e-02],
        [-3.9540e-02],
        [ 3.1724e-02],
        [-4.1256e-03],
        [ 6.1773e-03],
        [ 3.4092e-03],
        [ 5.1762e-02],
        [ 1.9225e-02],
        [-8.0857e-03],
        [ 9.2826e-02],
        [ 1.7416e-03],
        [-7.2899e-02],
        [ 3.0217e-04],
        [ 3.3432e-01]], device='cuda:0')
predicting on cuda..
Starting Grouping
Grouping completed in 0.014316320419311523 seconds
Init_method k-means
Method k-means
running k-means on cuda..
[running kmeans]: 34it [00:00, 39.01it/s, center_shift=0.000093, iteration=34, tol=0.000100]
Region saliency  dim torch.Size([16, 1])
Region saliency tensor([[-0.4901],
        [-0.2061],
        [-0.0236],
        [ 0.0316],
        [-0.0891],
        [-0.0139],
        [-0.0555],
        [ 0.0644],
        [-0.0061],
        [ 0.0447],
        [ 0.0073],
        [ 0.0142],
        [ 0.2258],
        [ 0.1008],
        [-0.0365],
        [ 0.4962]], device='cuda:0')
predicting on cuda..
Starting Grouping
Grouping completed in 0.016833066940307617 seconds
Init_method k-means
Method k-means
running k-means on cuda..
[running kmeans]: 9it [00:00, 39.47it/s, center_shift=0.000092, iteration=9, tol=0.000100]
Region saliency  dim torch.Size([16, 1])
Region saliency tensor([[-0.3005],
        [-0.0573],
        [-0.0122],
        [ 0.0358],
        [-0.0184],
        [ 0.0116],
        [ 0.0653],
        [ 0.0082],
        [-0.0025],
        [-0.0378],
        [ 0.0014],
        [ 0.0049],
        [-0.0264],
        [-0.1134],
        [ 0.0232],
        [ 0.2557]], device='cuda:0')
predicting on cuda..
Starting Grouping
Grouping completed in 0.010673284530639648 seconds
Init_method k-means
Method k-means
running k-means on cuda..
[running kmeans]: 5it [00:00, 10.21it/s, center_shift=0.000095, iteration=5, tol=0.000100]
Region saliency  dim torch.Size([16, 1])
Region saliency tensor([[-0.6951],
        [-0.0128],
        [ 0.0443],
        [-0.0191],
        [ 0.0052],
        [ 0.0024],
        [-0.0040],
        [-0.0009],
        [ 0.0157],
        [-0.0092],
        [ 0.0073],
        [-0.0521],
        [ 0.0248],
        [ 0.0089],
        [-0.0302],
        [ 0.7342]], device='cuda:0')
predicting on cuda..
Starting Grouping
Grouping completed in 0.019171476364135742 seconds
Initializing Layer 32
Initializing Customized Model Parameters.
Init_method k-means
Method k-means
running k-means on cuda..
[running kmeans]: 2it [00:00,  6.24it/s, center_shift=0.000091, iteration=2, tol=0.000100]
Region saliency  dim torch.Size([16, 1])
Region saliency tensor([[-5.1550e-01],
        [-8.9239e-03],
        [-4.1132e-02],
        [-1.2589e-02],
        [-6.6293e-03],
        [-4.8884e-02],
        [-1.3946e-03],
        [-3.3093e-02],
        [-3.6196e-03],
        [-1.9015e-02],
        [-1.4947e-02],
        [-6.4483e-02],
        [-2.5249e-02],
        [-5.1721e-03],
        [-7.9112e-03],
        [ 3.6034e-07]], device='cuda:0')
predicting on cuda..
Starting Grouping
Grouping completed in 0.025521516799926758 seconds
Init_method k-means
Method k-means
running k-means on cuda..
[running kmeans]: 2it [00:00,  6.69it/s, center_shift=0.000020, iteration=2, tol=0.000100]
Region saliency  dim torch.Size([16, 1])
Region saliency tensor([[-1.7471e-01],
        [-8.9353e-03],
        [-2.0390e-03],
        [-1.4103e-02],
        [-5.1906e-03],
        [-2.2865e-02],
        [-1.0008e-02],
        [-1.0814e-02],
        [-6.7987e-03],
        [-7.8211e-03],
        [-1.1468e-02],
        [-1.2354e-02],
        [-5.0605e-02],
        [-3.5662e-02],
        [-2.0086e-02],
        [ 1.2705e-06]], device='cuda:0')
predicting on cuda..
Starting Grouping
Grouping completed in 0.37293219566345215 seconds
Init_method k-means
Method k-means
running k-means on cuda..
[running kmeans]: 2it [00:00,  6.77it/s, center_shift=0.000065, iteration=2, tol=0.000100]
Region saliency  dim torch.Size([16, 1])
Region saliency tensor([[3.6058e-07],
        [9.8969e-04],
        [9.6383e-03],
        [3.2428e-03],
        [7.0495e-03],
        [1.2033e-02],
        [3.9470e-04],
        [5.9391e-03],
        [5.1257e-03],
        [4.2573e-03],
        [8.4130e-03],
        [3.1418e-02],
        [1.6474e-02],
        [1.3371e-03],
        [2.3445e-03],
        [5.4284e-01]], device='cuda:0')
predicting on cuda..
Starting Grouping
Grouping completed in 0.024943113327026367 seconds
Init_method k-means
Method k-means
running k-means on cuda..
[running kmeans]: 2it [00:00,  6.93it/s, center_shift=0.000034, iteration=2, tol=0.000100]
Region saliency  dim torch.Size([16, 1])
Region saliency tensor([[1.2710e-06],
        [3.8546e-02],
        [2.2348e-03],
        [6.8250e-03],
        [3.5311e-03],
        [8.2469e-03],
        [1.8570e-02],
        [1.5421e-02],
        [2.4946e-02],
        [9.7801e-03],
        [4.5379e-03],
        [1.3008e-02],
        [1.4107e-02],
        [5.5623e-03],
        [9.5246e-04],
        [1.7294e-01]], device='cuda:0')
predicting on cuda..
Starting Grouping
Grouping completed in 0.026294231414794922 seconds
SGD optimizer
Model Device:  cuda:0
  2%|██                                                                                                            | 3/157 [03:07<2:39:42, 62.23s/it]
------------------------------Warming Up phase, not pruning.------------------------------
--------------------------------------------------Step 0 Pruning Time taken 0.0013--------------------------------------------------
--------------------------------------------------Step 0 Forward Time taken 14.9452--------------------------------------------------
--------------------------------------------------Step 0 Backward Time taken 21.0076--------------------------------------------------
--------------------------------------------------Step 0 Pruner Apply Gradient Time taken 0.0000--------------------------------------------------
--------------------------------------------------Step 0 Clip Grad Norm Time taken 0.0348--------------------------------------------------
--------------------------------------------------Step 0 Optimizer Step Time taken 0.0503--------------------------------------------------
--------------------------------------------------Step 0 Lr Scheduler Step Time taken 0.0001--------------------------------------------------
--------------------------------------------------Evaluating Model--------------------------------------------------
------------------------------Pruning phase------------------------------
--------------------------------------------------Step 1 Pruning Time taken 8.0042--------------------------------------------------
--------------------------------------------------Step 1 Forward Time taken 13.0253--------------------------------------------------
--------------------------------------------------Step 1 Backward Time taken 23.1111--------------------------------------------------
------------------------------Apply Pruning Gradient------------------------------
--------------------------------------------------Step 1 Pruner Apply Gradient Time taken 0.0273--------------------------------------------------
--------------------------------------------------Step 1 Clip Grad Norm Time taken 0.0245--------------------------------------------------
--------------------------------------------------Step 1 Optimizer Step Time taken 0.0376--------------------------------------------------
--------------------------------------------------Step 1 Lr Scheduler Step Time taken 0.0001--------------------------------------------------
------------------------------Pruning phase------------------------------
--------------------------------------------------Step 2 Pruning Time taken 7.9913--------------------------------------------------
--------------------------------------------------Step 2 Forward Time taken 13.1870--------------------------------------------------
--------------------------------------------------Step 2 Backward Time taken 20.1833--------------------------------------------------
------------------------------Apply Pruning Gradient------------------------------
--------------------------------------------------Step 2 Pruner Apply Gradient Time taken 0.0170--------------------------------------------------
--------------------------------------------------Step 2 Clip Grad Norm Time taken 0.0211--------------------------------------------------
--------------------------------------------------Step 2 Optimizer Step Time taken 0.0353--------------------------------------------------
--------------------------------------------------Step 2 Lr Scheduler Step Time taken 0.0000--------------------------------------------------
------------------------------Pruning phase------------------------------
--------------------------------------------------Step 3 Pruning Time taken 7.9897--------------------------------------------------
--------------------------------------------------Step 3 Forward Time taken 14.8117--------------------------------------------------
--------------------------------------------------Step 3 Backward Time taken 20.8507--------------------------------------------------
------------------------------Apply Pruning Gradient------------------------------
--------------------------------------------------Step 3 Pruner Apply Gradient Time taken 0.0173--------------------------------------------------
--------------------------------------------------Step 3 Clip Grad Norm Time taken 0.0217--------------------------------------------------
--------------------------------------------------Step 3 Optimizer Step Time taken 0.0360--------------------------------------------------
--------------------------------------------------Step 3 Lr Scheduler Step Time taken 0.0000--------------------------------------------------
------------------------------Pruning phase------------------------------
--------------------------------------------------Step 4 Pruning Time taken 7.9898--------------------------------------------------
--------------------------------------------------Step 4 Forward Time taken 15.7202--------------------------------------------------
--------------------------------------------------Step 4 Backward Time taken 24.3081--------------------------------------------------
------------------------------Apply Pruning Gradient------------------------------
--------------------------------------------------Step 4 Pruner Apply Gradient Time taken 0.0165--------------------------------------------------
--------------------------------------------------Step 4 Clip Grad Norm Time taken 0.0214--------------------------------------------------
--------------------------------------------------Step 4 Optimizer Step Time taken 0.0358--------------------------------------------------
--------------------------------------------------Step 4 Lr Scheduler Step Time taken 0.0000--------------------------------------------------
------------------------------Pruning phase------------------------------
--------------------------------------------------Step 5 Pruning Time taken 7.9872--------------------------------------------------
--------------------------------------------------Step 5 Forward Time taken 15.2787--------------------------------------------------
--------------------------------------------------Step 5 Backward Time taken 22.6759--------------------------------------------------
------------------------------Apply Pruning Gradient------------------------------
--------------------------------------------------Step 5 Pruner Apply Gradient Time taken 0.0164--------------------------------------------------
--------------------------------------------------Step 5 Clip Grad Norm Time taken 0.0208--------------------------------------------------
--------------------------------------------------Step 5 Optimizer Step Time taken 0.0347--------------------------------------------------
--------------------------------------------------Step 5 Lr Scheduler Step Time taken 0.0000--------------------------------------------------
------------------------------Pruning phase------------------------------
--------------------------------------------------Step 6 Pruning Time taken 7.9883--------------------------------------------------
--------------------------------------------------Step 6 Forward Time taken 14.3511--------------------------------------------------
--------------------------------------------------Step 6 Backward Time taken 23.1387--------------------------------------------------
------------------------------Apply Pruning Gradient------------------------------
--------------------------------------------------Step 6 Pruner Apply Gradient Time taken 0.0167--------------------------------------------------
--------------------------------------------------Step 6 Clip Grad Norm Time taken 0.0209--------------------------------------------------
--------------------------------------------------Step 6 Optimizer Step Time taken 0.0350--------------------------------------------------
--------------------------------------------------Step 6 Lr Scheduler Step Time taken 0.0000--------------------------------------------------
------------------------------Pruning phase------------------------------
--------------------------------------------------Step 7 Pruning Time taken 7.9898--------------------------------------------------
--------------------------------------------------Step 7 Forward Time taken 14.8708--------------------------------------------------
--------------------------------------------------Step 7 Backward Time taken 22.6602--------------------------------------------------
------------------------------Apply Pruning Gradient------------------------------
--------------------------------------------------Step 7 Pruner Apply Gradient Time taken 0.0174--------------------------------------------------
--------------------------------------------------Step 7 Clip Grad Norm Time taken 0.0215--------------------------------------------------
--------------------------------------------------Step 7 Optimizer Step Time taken 0.0354--------------------------------------------------
--------------------------------------------------Step 7 Lr Scheduler Step Time taken 0.0000--------------------------------------------------
------------------------------Pruning phase------------------------------
--------------------------------------------------Step 8 Pruning Time taken 8.0032--------------------------------------------------
--------------------------------------------------Step 8 Forward Time taken 13.7458--------------------------------------------------
--------------------------------------------------Step 8 Backward Time taken 22.1016--------------------------------------------------
------------------------------Apply Pruning Gradient------------------------------
--------------------------------------------------Step 8 Pruner Apply Gradient Time taken 0.0172--------------------------------------------------
--------------------------------------------------Step 8 Clip Grad Norm Time taken 0.0216--------------------------------------------------
--------------------------------------------------Step 8 Optimizer Step Time taken 0.0347--------------------------------------------------
--------------------------------------------------Step 8 Lr Scheduler Step Time taken 0.0000--------------------------------------------------
------------------------------Pruning phase------------------------------
--------------------------------------------------Step 9 Pruning Time taken 7.9893--------------------------------------------------
--------------------------------------------------Step 9 Forward Time taken 13.7151--------------------------------------------------
--------------------------------------------------Step 9 Backward Time taken 22.0499--------------------------------------------------
------------------------------Apply Pruning Gradient------------------------------
--------------------------------------------------Step 9 Pruner Apply Gradient Time taken 0.0173--------------------------------------------------
--------------------------------------------------Step 9 Clip Grad Norm Time taken 0.0216--------------------------------------------------
--------------------------------------------------Step 9 Optimizer Step Time taken 0.0348--------------------------------------------------
--------------------------------------------------Step 9 Lr Scheduler Step Time taken 0.0000--------------------------------------------------
------------------------------Pruning phase------------------------------
--------------------------------------------------Step 10 Pruning Time taken 7.9932--------------------------------------------------
--------------------------------------------------Step 10 Forward Time taken 14.4962--------------------------------------------------
--------------------------------------------------Step 10 Backward Time taken 22.3116--------------------------------------------------
------------------------------Apply Pruning Gradient------------------------------
--------------------------------------------------Step 10 Pruner Apply Gradient Time taken 0.0166--------------------------------------------------
--------------------------------------------------Step 10 Clip Grad Norm Time taken 0.0209--------------------------------------------------
--------------------------------------------------Step 10 Optimizer Step Time taken 0.0345--------------------------------------------------
--------------------------------------------------Step 10 Lr Scheduler Step Time taken 0.0000--------------------------------------------------
--------------------------------------------------Evaluating Model--------------------------------------------------
------------------------------Pruning phase------------------------------
--------------------------------------------------Step 11 Pruning Time taken 7.9938--------------------------------------------------
--------------------------------------------------Step 11 Forward Time taken 15.0677--------------------------------------------------
--------------------------------------------------Step 11 Backward Time taken 22.8799--------------------------------------------------
------------------------------Apply Pruning Gradient------------------------------
--------------------------------------------------Step 11 Pruner Apply Gradient Time taken 0.0176--------------------------------------------------
--------------------------------------------------Step 11 Clip Grad Norm Time taken 0.0225--------------------------------------------------
--------------------------------------------------Step 11 Optimizer Step Time taken 0.0362--------------------------------------------------
--------------------------------------------------Step 11 Lr Scheduler Step Time taken 0.0000--------------------------------------------------
------------------------------Pruning phase------------------------------
--------------------------------------------------Step 12 Pruning Time taken 7.9901--------------------------------------------------
--------------------------------------------------Step 12 Forward Time taken 14.9464--------------------------------------------------
--------------------------------------------------Step 12 Backward Time taken 22.4164--------------------------------------------------
------------------------------Apply Pruning Gradient------------------------------
--------------------------------------------------Step 12 Pruner Apply Gradient Time taken 0.0185--------------------------------------------------
--------------------------------------------------Step 12 Clip Grad Norm Time taken 0.0226--------------------------------------------------
--------------------------------------------------Step 12 Optimizer Step Time taken 0.0360--------------------------------------------------
--------------------------------------------------Step 12 Lr Scheduler Step Time taken 0.0000--------------------------------------------------
------------------------------Pruning phase------------------------------
--------------------------------------------------Step 13 Pruning Time taken 7.9895--------------------------------------------------
--------------------------------------------------Step 13 Forward Time taken 13.8477--------------------------------------------------
--------------------------------------------------Step 13 Backward Time taken 21.8284--------------------------------------------------
------------------------------Apply Pruning Gradient------------------------------
--------------------------------------------------Step 13 Pruner Apply Gradient Time taken 0.0174--------------------------------------------------
--------------------------------------------------Step 13 Clip Grad Norm Time taken 0.0220--------------------------------------------------
--------------------------------------------------Step 13 Optimizer Step Time taken 0.0355--------------------------------------------------
--------------------------------------------------Step 13 Lr Scheduler Step Time taken 0.0000--------------------------------------------------
------------------------------Pruning phase------------------------------
--------------------------------------------------Step 14 Pruning Time taken 7.9905--------------------------------------------------
--------------------------------------------------Step 14 Forward Time taken 14.1312--------------------------------------------------
--------------------------------------------------Step 14 Backward Time taken 22.4050--------------------------------------------------
------------------------------Apply Pruning Gradient------------------------------
--------------------------------------------------Step 14 Pruner Apply Gradient Time taken 0.0167--------------------------------------------------
--------------------------------------------------Step 14 Clip Grad Norm Time taken 0.0216--------------------------------------------------
--------------------------------------------------Step 14 Optimizer Step Time taken 0.0355--------------------------------------------------
--------------------------------------------------Step 14 Lr Scheduler Step Time taken 0.0000--------------------------------------------------
------------------------------Pruning phase------------------------------
--------------------------------------------------Step 15 Pruning Time taken 7.9923--------------------------------------------------
--------------------------------------------------Step 15 Forward Time taken 15.2676--------------------------------------------------
--------------------------------------------------Step 15 Backward Time taken 21.7185--------------------------------------------------
------------------------------Apply Pruning Gradient------------------------------
--------------------------------------------------Step 15 Pruner Apply Gradient Time taken 0.0177--------------------------------------------------
--------------------------------------------------Step 15 Clip Grad Norm Time taken 0.0217--------------------------------------------------
--------------------------------------------------Step 15 Optimizer Step Time taken 0.0357--------------------------------------------------
--------------------------------------------------Step 15 Lr Scheduler Step Time taken 0.0001--------------------------------------------------
------------------------------Pruning phase------------------------------
--------------------------------------------------Step 16 Pruning Time taken 7.9890--------------------------------------------------
--------------------------------------------------Step 16 Forward Time taken 13.5752--------------------------------------------------
--------------------------------------------------Step 16 Backward Time taken 21.6055--------------------------------------------------
------------------------------Apply Pruning Gradient------------------------------
--------------------------------------------------Step 16 Pruner Apply Gradient Time taken 0.0168--------------------------------------------------
--------------------------------------------------Step 16 Clip Grad Norm Time taken 0.0212--------------------------------------------------
--------------------------------------------------Step 16 Optimizer Step Time taken 0.0366--------------------------------------------------
--------------------------------------------------Step 16 Lr Scheduler Step Time taken 0.0000--------------------------------------------------
------------------------------Pruning phase------------------------------
--------------------------------------------------Step 17 Pruning Time taken 7.9907--------------------------------------------------
--------------------------------------------------Step 17 Forward Time taken 13.5370--------------------------------------------------
--------------------------------------------------Step 17 Backward Time taken 22.1515--------------------------------------------------
------------------------------Apply Pruning Gradient------------------------------
--------------------------------------------------Step 17 Pruner Apply Gradient Time taken 0.0173--------------------------------------------------
--------------------------------------------------Step 17 Clip Grad Norm Time taken 0.0215--------------------------------------------------
--------------------------------------------------Step 17 Optimizer Step Time taken 0.0352--------------------------------------------------
--------------------------------------------------Step 17 Lr Scheduler Step Time taken 0.0000--------------------------------------------------
------------------------------Pruning phase------------------------------
--------------------------------------------------Step 18 Pruning Time taken 7.9893--------------------------------------------------
--------------------------------------------------Step 18 Forward Time taken 14.3347--------------------------------------------------
--------------------------------------------------Step 18 Backward Time taken 21.6596--------------------------------------------------
------------------------------Apply Pruning Gradient------------------------------
--------------------------------------------------Step 18 Pruner Apply Gradient Time taken 0.0173--------------------------------------------------
--------------------------------------------------Step 18 Clip Grad Norm Time taken 0.0224--------------------------------------------------
--------------------------------------------------Step 18 Optimizer Step Time taken 0.0351--------------------------------------------------
--------------------------------------------------Step 18 Lr Scheduler Step Time taken 0.0000--------------------------------------------------
------------------------------Pruning phase------------------------------
--------------------------------------------------Step 19 Pruning Time taken 7.9914--------------------------------------------------
--------------------------------------------------Step 19 Forward Time taken 14.7454--------------------------------------------------
--------------------------------------------------Step 19 Backward Time taken 21.0654--------------------------------------------------
------------------------------Apply Pruning Gradient------------------------------
--------------------------------------------------Step 19 Pruner Apply Gradient Time taken 0.0166--------------------------------------------------
--------------------------------------------------Step 19 Clip Grad Norm Time taken 0.0208--------------------------------------------------
--------------------------------------------------Step 19 Optimizer Step Time taken 0.0346--------------------------------------------------
--------------------------------------------------Step 19 Lr Scheduler Step Time taken 0.0000--------------------------------------------------
------------------------------Pruning phase------------------------------
--------------------------------------------------Step 20 Pruning Time taken 7.9892--------------------------------------------------
--------------------------------------------------Step 20 Forward Time taken 14.1571--------------------------------------------------
--------------------------------------------------Step 20 Backward Time taken 22.6907--------------------------------------------------
------------------------------Apply Pruning Gradient------------------------------
--------------------------------------------------Step 20 Pruner Apply Gradient Time taken 0.0169--------------------------------------------------
--------------------------------------------------Step 20 Clip Grad Norm Time taken 0.0209--------------------------------------------------
--------------------------------------------------Step 20 Optimizer Step Time taken 0.0345--------------------------------------------------
--------------------------------------------------Step 20 Lr Scheduler Step Time taken 0.0000--------------------------------------------------
--------------------------------------------------Evaluating Model--------------------------------------------------
------------------------------Pruning phase------------------------------
--------------------------------------------------Step 21 Pruning Time taken 7.9888--------------------------------------------------
--------------------------------------------------Step 21 Forward Time taken 14.2802--------------------------------------------------
--------------------------------------------------Step 21 Backward Time taken 21.9862--------------------------------------------------
------------------------------Apply Pruning Gradient------------------------------
--------------------------------------------------Step 21 Pruner Apply Gradient Time taken 0.0169--------------------------------------------------
--------------------------------------------------Step 21 Clip Grad Norm Time taken 0.0211--------------------------------------------------
--------------------------------------------------Step 21 Optimizer Step Time taken 0.0349--------------------------------------------------
--------------------------------------------------Step 21 Lr Scheduler Step Time taken 0.0000--------------------------------------------------
------------------------------Pruning phase------------------------------
--------------------------------------------------Step 22 Pruning Time taken 7.9871--------------------------------------------------
--------------------------------------------------Step 22 Forward Time taken 14.3234--------------------------------------------------
--------------------------------------------------Step 22 Backward Time taken 23.1532--------------------------------------------------
------------------------------Apply Pruning Gradient------------------------------
--------------------------------------------------Step 22 Pruner Apply Gradient Time taken 0.0171--------------------------------------------------
--------------------------------------------------Step 22 Clip Grad Norm Time taken 0.0223--------------------------------------------------
--------------------------------------------------Step 22 Optimizer Step Time taken 0.0361--------------------------------------------------
--------------------------------------------------Step 22 Lr Scheduler Step Time taken 0.0000--------------------------------------------------
------------------------------Pruning phase------------------------------
--------------------------------------------------Step 23 Pruning Time taken 7.9869--------------------------------------------------
--------------------------------------------------Step 23 Forward Time taken 13.9928--------------------------------------------------
--------------------------------------------------Step 23 Backward Time taken 21.9841--------------------------------------------------
------------------------------Apply Pruning Gradient------------------------------
--------------------------------------------------Step 23 Pruner Apply Gradient Time taken 0.0165--------------------------------------------------
--------------------------------------------------Step 23 Clip Grad Norm Time taken 0.0216--------------------------------------------------
--------------------------------------------------Step 23 Optimizer Step Time taken 0.0354--------------------------------------------------
--------------------------------------------------Step 23 Lr Scheduler Step Time taken 0.0000--------------------------------------------------
------------------------------Pruning phase------------------------------
--------------------------------------------------Step 24 Pruning Time taken 7.9886--------------------------------------------------
--------------------------------------------------Step 24 Forward Time taken 13.9834--------------------------------------------------
--------------------------------------------------Step 24 Backward Time taken 21.2755--------------------------------------------------
------------------------------Apply Pruning Gradient------------------------------
--------------------------------------------------Step 24 Pruner Apply Gradient Time taken 0.0183--------------------------------------------------
--------------------------------------------------Step 24 Clip Grad Norm Time taken 0.0237--------------------------------------------------
--------------------------------------------------Step 24 Optimizer Step Time taken 0.0379--------------------------------------------------
--------------------------------------------------Step 24 Lr Scheduler Step Time taken 0.0000--------------------------------------------------
------------------------------Pruning phase------------------------------
--------------------------------------------------Step 25 Pruning Time taken 7.9891--------------------------------------------------
--------------------------------------------------Step 25 Forward Time taken 13.8961--------------------------------------------------
--------------------------------------------------Step 25 Backward Time taken 21.5003--------------------------------------------------
------------------------------Apply Pruning Gradient------------------------------
--------------------------------------------------Step 25 Pruner Apply Gradient Time taken 0.0167--------------------------------------------------
--------------------------------------------------Step 25 Clip Grad Norm Time taken 0.0220--------------------------------------------------
--------------------------------------------------Step 25 Optimizer Step Time taken 0.0355--------------------------------------------------
--------------------------------------------------Step 25 Lr Scheduler Step Time taken 0.0000--------------------------------------------------
------------------------------Pruning phase------------------------------
--------------------------------------------------Step 26 Pruning Time taken 7.9910--------------------------------------------------
--------------------------------------------------Step 26 Forward Time taken 13.9272--------------------------------------------------
--------------------------------------------------Step 26 Backward Time taken 20.6860--------------------------------------------------
------------------------------Apply Pruning Gradient------------------------------
--------------------------------------------------Step 26 Pruner Apply Gradient Time taken 0.0167--------------------------------------------------
--------------------------------------------------Step 26 Clip Grad Norm Time taken 0.0210--------------------------------------------------
--------------------------------------------------Step 26 Optimizer Step Time taken 0.0348--------------------------------------------------
--------------------------------------------------Step 26 Lr Scheduler Step Time taken 0.0000--------------------------------------------------
------------------------------Pruning phase------------------------------
--------------------------------------------------Step 27 Pruning Time taken 7.9904--------------------------------------------------
--------------------------------------------------Step 27 Forward Time taken 13.5504--------------------------------------------------
--------------------------------------------------Step 27 Backward Time taken 21.1327--------------------------------------------------
------------------------------Apply Pruning Gradient------------------------------
--------------------------------------------------Step 27 Pruner Apply Gradient Time taken 0.0166--------------------------------------------------
--------------------------------------------------Step 27 Clip Grad Norm Time taken 0.0209--------------------------------------------------
--------------------------------------------------Step 27 Optimizer Step Time taken 0.0346--------------------------------------------------
--------------------------------------------------Step 27 Lr Scheduler Step Time taken 0.0000--------------------------------------------------
------------------------------Pruning phase------------------------------
--------------------------------------------------Step 28 Pruning Time taken 7.9910--------------------------------------------------
--------------------------------------------------Step 28 Forward Time taken 13.5341--------------------------------------------------
--------------------------------------------------Step 28 Backward Time taken 22.0817--------------------------------------------------
------------------------------Apply Pruning Gradient------------------------------
--------------------------------------------------Step 28 Pruner Apply Gradient Time taken 0.0171--------------------------------------------------
--------------------------------------------------Step 28 Clip Grad Norm Time taken 0.0224--------------------------------------------------
--------------------------------------------------Step 28 Optimizer Step Time taken 0.0376--------------------------------------------------
--------------------------------------------------Step 28 Lr Scheduler Step Time taken 0.0000--------------------------------------------------
------------------------------Pruning phase------------------------------
--------------------------------------------------Step 29 Pruning Time taken 7.9885--------------------------------------------------
--------------------------------------------------Step 29 Forward Time taken 14.2663--------------------------------------------------
--------------------------------------------------Step 29 Backward Time taken 21.0900--------------------------------------------------
------------------------------Apply Pruning Gradient------------------------------
--------------------------------------------------Step 29 Pruner Apply Gradient Time taken 0.0186--------------------------------------------------
--------------------------------------------------Step 29 Clip Grad Norm Time taken 0.0231--------------------------------------------------
--------------------------------------------------Step 29 Optimizer Step Time taken 0.0370--------------------------------------------------
--------------------------------------------------Step 29 Lr Scheduler Step Time taken 0.0000--------------------------------------------------
------------------------------Pruning phase------------------------------
--------------------------------------------------Step 30 Pruning Time taken 7.9941--------------------------------------------------
--------------------------------------------------Step 30 Forward Time taken 13.1659--------------------------------------------------
--------------------------------------------------Step 30 Backward Time taken 21.3441--------------------------------------------------
------------------------------Apply Pruning Gradient------------------------------
--------------------------------------------------Step 30 Pruner Apply Gradient Time taken 0.0174--------------------------------------------------
--------------------------------------------------Step 30 Clip Grad Norm Time taken 0.0221--------------------------------------------------
--------------------------------------------------Step 30 Optimizer Step Time taken 0.0359--------------------------------------------------
--------------------------------------------------Step 30 Lr Scheduler Step Time taken 0.0000--------------------------------------------------
--------------------------------------------------Evaluating Model--------------------------------------------------
------------------------------Pruning phase------------------------------
--------------------------------------------------Step 31 Pruning Time taken 7.9903--------------------------------------------------
--------------------------------------------------Step 31 Forward Time taken 13.8311--------------------------------------------------
--------------------------------------------------Step 31 Backward Time taken 21.8700--------------------------------------------------
------------------------------Apply Pruning Gradient------------------------------
--------------------------------------------------Step 31 Pruner Apply Gradient Time taken 0.0167--------------------------------------------------
--------------------------------------------------Step 31 Clip Grad Norm Time taken 0.0209--------------------------------------------------
--------------------------------------------------Step 31 Optimizer Step Time taken 0.0350--------------------------------------------------
--------------------------------------------------Step 31 Lr Scheduler Step Time taken 0.0000--------------------------------------------------
------------------------------Pruning phase------------------------------
--------------------------------------------------Step 32 Pruning Time taken 7.9885--------------------------------------------------
--------------------------------------------------Step 32 Forward Time taken 13.4143--------------------------------------------------
--------------------------------------------------Step 32 Backward Time taken 21.2048--------------------------------------------------
------------------------------Apply Pruning Gradient------------------------------
--------------------------------------------------Step 32 Pruner Apply Gradient Time taken 0.0176--------------------------------------------------
--------------------------------------------------Step 32 Clip Grad Norm Time taken 0.0215--------------------------------------------------
--------------------------------------------------Step 32 Optimizer Step Time taken 0.0348--------------------------------------------------
--------------------------------------------------Step 32 Lr Scheduler Step Time taken 0.0000--------------------------------------------------
------------------------------Pruning phase------------------------------
--------------------------------------------------Step 33 Pruning Time taken 7.9897--------------------------------------------------
--------------------------------------------------Step 33 Forward Time taken 13.0986--------------------------------------------------
--------------------------------------------------Step 33 Backward Time taken 21.8223--------------------------------------------------
------------------------------Apply Pruning Gradient------------------------------
--------------------------------------------------Step 33 Pruner Apply Gradient Time taken 0.0172--------------------------------------------------
--------------------------------------------------Step 33 Clip Grad Norm Time taken 0.0214--------------------------------------------------
--------------------------------------------------Step 33 Optimizer Step Time taken 0.0352--------------------------------------------------
--------------------------------------------------Step 33 Lr Scheduler Step Time taken 0.0000--------------------------------------------------
------------------------------Pruning phase------------------------------
--------------------------------------------------Step 34 Pruning Time taken 7.9872--------------------------------------------------
--------------------------------------------------Step 34 Forward Time taken 13.3258--------------------------------------------------
--------------------------------------------------Step 34 Backward Time taken 21.8374--------------------------------------------------
------------------------------Apply Pruning Gradient------------------------------
--------------------------------------------------Step 34 Pruner Apply Gradient Time taken 0.0173--------------------------------------------------
--------------------------------------------------Step 34 Clip Grad Norm Time taken 0.0214--------------------------------------------------
--------------------------------------------------Step 34 Optimizer Step Time taken 0.0351--------------------------------------------------
--------------------------------------------------Step 34 Lr Scheduler Step Time taken 0.0000--------------------------------------------------
------------------------------Pruning phase------------------------------
--------------------------------------------------Step 35 Pruning Time taken 7.9919--------------------------------------------------
--------------------------------------------------Step 35 Forward Time taken 14.4138--------------------------------------------------
--------------------------------------------------Step 35 Backward Time taken 21.7574--------------------------------------------------
------------------------------Apply Pruning Gradient------------------------------
--------------------------------------------------Step 35 Pruner Apply Gradient Time taken 0.0172--------------------------------------------------
--------------------------------------------------Step 35 Clip Grad Norm Time taken 0.0213--------------------------------------------------
--------------------------------------------------Step 35 Optimizer Step Time taken 0.0351--------------------------------------------------
--------------------------------------------------Step 35 Lr Scheduler Step Time taken 0.0000--------------------------------------------------
------------------------------Pruning phase------------------------------
--------------------------------------------------Step 36 Pruning Time taken 7.9899--------------------------------------------------
--------------------------------------------------Step 36 Forward Time taken 13.3116--------------------------------------------------
--------------------------------------------------Step 36 Backward Time taken 22.9688--------------------------------------------------
------------------------------Apply Pruning Gradient------------------------------
--------------------------------------------------Step 36 Pruner Apply Gradient Time taken 0.0172--------------------------------------------------
--------------------------------------------------Step 36 Clip Grad Norm Time taken 0.0212--------------------------------------------------
--------------------------------------------------Step 36 Optimizer Step Time taken 0.0352--------------------------------------------------
--------------------------------------------------Step 36 Lr Scheduler Step Time taken 0.0000--------------------------------------------------
------------------------------Pruning phase------------------------------
--------------------------------------------------Step 37 Pruning Time taken 7.9905--------------------------------------------------
--------------------------------------------------Step 37 Forward Time taken 14.0872--------------------------------------------------
--------------------------------------------------Step 37 Backward Time taken 23.8890--------------------------------------------------
------------------------------Apply Pruning Gradient------------------------------
--------------------------------------------------Step 37 Pruner Apply Gradient Time taken 0.0165--------------------------------------------------
--------------------------------------------------Step 37 Clip Grad Norm Time taken 0.0216--------------------------------------------------
--------------------------------------------------Step 37 Optimizer Step Time taken 0.0346--------------------------------------------------
--------------------------------------------------Step 37 Lr Scheduler Step Time taken 0.0000--------------------------------------------------
------------------------------Pruning phase------------------------------
--------------------------------------------------Step 38 Pruning Time taken 7.9894--------------------------------------------------
--------------------------------------------------Step 38 Forward Time taken 13.4258--------------------------------------------------
--------------------------------------------------Step 38 Backward Time taken 22.0622--------------------------------------------------
------------------------------Apply Pruning Gradient------------------------------
--------------------------------------------------Step 38 Pruner Apply Gradient Time taken 0.0167--------------------------------------------------
--------------------------------------------------Step 38 Clip Grad Norm Time taken 0.0208--------------------------------------------------
--------------------------------------------------Step 38 Optimizer Step Time taken 0.0353--------------------------------------------------
--------------------------------------------------Step 38 Lr Scheduler Step Time taken 0.0000--------------------------------------------------
------------------------------Pruning phase------------------------------
--------------------------------------------------Step 39 Pruning Time taken 7.9884--------------------------------------------------
--------------------------------------------------Step 39 Forward Time taken 13.5018--------------------------------------------------
--------------------------------------------------Step 39 Backward Time taken 21.9269--------------------------------------------------
------------------------------Apply Pruning Gradient------------------------------
--------------------------------------------------Step 39 Pruner Apply Gradient Time taken 0.0166--------------------------------------------------
--------------------------------------------------Step 39 Clip Grad Norm Time taken 0.0208--------------------------------------------------
--------------------------------------------------Step 39 Optimizer Step Time taken 0.0347--------------------------------------------------
--------------------------------------------------Step 39 Lr Scheduler Step Time taken 0.0000--------------------------------------------------
------------------------------Pruning phase------------------------------
--------------------------------------------------Step 40 Pruning Time taken 7.9888--------------------------------------------------
--------------------------------------------------Step 40 Forward Time taken 12.8556--------------------------------------------------
--------------------------------------------------Step 40 Backward Time taken 20.9022--------------------------------------------------
------------------------------Apply Pruning Gradient------------------------------
--------------------------------------------------Step 40 Pruner Apply Gradient Time taken 0.0166--------------------------------------------------
--------------------------------------------------Step 40 Clip Grad Norm Time taken 0.0208--------------------------------------------------
--------------------------------------------------Step 40 Optimizer Step Time taken 0.0346--------------------------------------------------
--------------------------------------------------Step 40 Lr Scheduler Step Time taken 0.0000--------------------------------------------------
--------------------------------------------------Evaluating Model--------------------------------------------------
------------------------------Pruning phase------------------------------
--------------------------------------------------Step 41 Pruning Time taken 7.9899--------------------------------------------------
--------------------------------------------------Step 41 Forward Time taken 13.4190--------------------------------------------------
--------------------------------------------------Step 41 Backward Time taken 21.7817--------------------------------------------------
------------------------------Apply Pruning Gradient------------------------------
--------------------------------------------------Step 41 Pruner Apply Gradient Time taken 0.0173--------------------------------------------------
--------------------------------------------------Step 41 Clip Grad Norm Time taken 0.0219--------------------------------------------------
--------------------------------------------------Step 41 Optimizer Step Time taken 0.0351--------------------------------------------------
--------------------------------------------------Step 41 Lr Scheduler Step Time taken 0.0000--------------------------------------------------
------------------------------Pruning phase------------------------------
--------------------------------------------------Step 42 Pruning Time taken 7.9899--------------------------------------------------
--------------------------------------------------Step 42 Forward Time taken 14.2651--------------------------------------------------
--------------------------------------------------Step 42 Backward Time taken 21.6622--------------------------------------------------
------------------------------Apply Pruning Gradient------------------------------
--------------------------------------------------Step 42 Pruner Apply Gradient Time taken 0.0168--------------------------------------------------
--------------------------------------------------Step 42 Clip Grad Norm Time taken 0.0222--------------------------------------------------
--------------------------------------------------Step 42 Optimizer Step Time taken 0.0359--------------------------------------------------
--------------------------------------------------Step 42 Lr Scheduler Step Time taken 0.0000--------------------------------------------------
------------------------------Pruning phase------------------------------
--------------------------------------------------Step 43 Pruning Time taken 7.9889--------------------------------------------------
--------------------------------------------------Step 43 Forward Time taken 13.6996--------------------------------------------------
--------------------------------------------------Step 43 Backward Time taken 21.3663--------------------------------------------------
------------------------------Apply Pruning Gradient------------------------------
--------------------------------------------------Step 43 Pruner Apply Gradient Time taken 0.0172--------------------------------------------------
--------------------------------------------------Step 43 Clip Grad Norm Time taken 0.0213--------------------------------------------------
--------------------------------------------------Step 43 Optimizer Step Time taken 0.0355--------------------------------------------------
--------------------------------------------------Step 43 Lr Scheduler Step Time taken 0.0000--------------------------------------------------
------------------------------Pruning phase------------------------------
--------------------------------------------------Step 44 Pruning Time taken 7.9890--------------------------------------------------
--------------------------------------------------Step 44 Forward Time taken 13.0020--------------------------------------------------
--------------------------------------------------Step 44 Backward Time taken 21.6218--------------------------------------------------
------------------------------Apply Pruning Gradient------------------------------
--------------------------------------------------Step 44 Pruner Apply Gradient Time taken 0.0181--------------------------------------------------
--------------------------------------------------Step 44 Clip Grad Norm Time taken 0.0220--------------------------------------------------
--------------------------------------------------Step 44 Optimizer Step Time taken 0.0351--------------------------------------------------
--------------------------------------------------Step 44 Lr Scheduler Step Time taken 0.0000--------------------------------------------------
------------------------------Pruning phase------------------------------
--------------------------------------------------Step 45 Pruning Time taken 7.9882--------------------------------------------------
--------------------------------------------------Step 45 Forward Time taken 13.7806--------------------------------------------------
--------------------------------------------------Step 45 Backward Time taken 21.9583--------------------------------------------------
------------------------------Apply Pruning Gradient------------------------------
--------------------------------------------------Step 45 Pruner Apply Gradient Time taken 0.0167--------------------------------------------------
--------------------------------------------------Step 45 Clip Grad Norm Time taken 0.0209--------------------------------------------------
--------------------------------------------------Step 45 Optimizer Step Time taken 0.0350--------------------------------------------------
--------------------------------------------------Step 45 Lr Scheduler Step Time taken 0.0000--------------------------------------------------
------------------------------Pruning phase------------------------------
--------------------------------------------------Step 46 Pruning Time taken 7.9913--------------------------------------------------
--------------------------------------------------Step 46 Forward Time taken 13.9109--------------------------------------------------
--------------------------------------------------Step 46 Backward Time taken 22.0896--------------------------------------------------
------------------------------Apply Pruning Gradient------------------------------
--------------------------------------------------Step 46 Pruner Apply Gradient Time taken 0.0179--------------------------------------------------
--------------------------------------------------Step 46 Clip Grad Norm Time taken 0.0223--------------------------------------------------
--------------------------------------------------Step 46 Optimizer Step Time taken 0.0395--------------------------------------------------
--------------------------------------------------Step 46 Lr Scheduler Step Time taken 0.0000--------------------------------------------------
------------------------------Pruning phase------------------------------
--------------------------------------------------Step 47 Pruning Time taken 7.9904--------------------------------------------------
--------------------------------------------------Step 47 Forward Time taken 13.8378--------------------------------------------------
--------------------------------------------------Step 47 Backward Time taken 21.0373--------------------------------------------------
------------------------------Apply Pruning Gradient------------------------------
--------------------------------------------------Step 47 Pruner Apply Gradient Time taken 0.0166--------------------------------------------------
--------------------------------------------------Step 47 Clip Grad Norm Time taken 0.0215--------------------------------------------------
--------------------------------------------------Step 47 Optimizer Step Time taken 0.0351--------------------------------------------------
--------------------------------------------------Step 47 Lr Scheduler Step Time taken 0.0000--------------------------------------------------
------------------------------Pruning phase------------------------------
--------------------------------------------------Step 48 Pruning Time taken 7.9907--------------------------------------------------
--------------------------------------------------Step 48 Forward Time taken 13.5997--------------------------------------------------
--------------------------------------------------Step 48 Backward Time taken 21.6603--------------------------------------------------
------------------------------Apply Pruning Gradient------------------------------
--------------------------------------------------Step 48 Pruner Apply Gradient Time taken 0.0167--------------------------------------------------
--------------------------------------------------Step 48 Clip Grad Norm Time taken 0.0209--------------------------------------------------
--------------------------------------------------Step 48 Optimizer Step Time taken 0.0349--------------------------------------------------
--------------------------------------------------Step 48 Lr Scheduler Step Time taken 0.0000--------------------------------------------------
------------------------------Pruning phase------------------------------
--------------------------------------------------Step 49 Pruning Time taken 7.9915--------------------------------------------------
--------------------------------------------------Step 49 Forward Time taken 13.7069--------------------------------------------------
--------------------------------------------------Step 49 Backward Time taken 21.3232--------------------------------------------------
------------------------------Apply Pruning Gradient------------------------------
--------------------------------------------------Step 49 Pruner Apply Gradient Time taken 0.0167--------------------------------------------------
--------------------------------------------------Step 49 Clip Grad Norm Time taken 0.0219--------------------------------------------------
--------------------------------------------------Step 49 Optimizer Step Time taken 0.0359--------------------------------------------------
--------------------------------------------------Step 49 Lr Scheduler Step Time taken 0.0000--------------------------------------------------
------------------------------Pruning phase------------------------------
--------------------------------------------------Step 50 Pruning Time taken 7.9962--------------------------------------------------
--------------------------------------------------Step 50 Forward Time taken 13.8637--------------------------------------------------
--------------------------------------------------Step 50 Backward Time taken 21.4793--------------------------------------------------
------------------------------Apply Pruning Gradient------------------------------
--------------------------------------------------Step 50 Pruner Apply Gradient Time taken 0.0178--------------------------------------------------
--------------------------------------------------Step 50 Clip Grad Norm Time taken 0.0229--------------------------------------------------
--------------------------------------------------Step 50 Optimizer Step Time taken 0.0373--------------------------------------------------
--------------------------------------------------Step 50 Lr Scheduler Step Time taken 0.0000--------------------------------------------------
--------------------------------------------------Evaluating Model--------------------------------------------------
------------------------------Pruning phase------------------------------
--------------------------------------------------Step 51 Pruning Time taken 7.9890--------------------------------------------------
--------------------------------------------------Step 51 Forward Time taken 14.3284--------------------------------------------------
--------------------------------------------------Step 51 Backward Time taken 21.8309--------------------------------------------------
------------------------------Apply Pruning Gradient------------------------------
--------------------------------------------------Step 51 Pruner Apply Gradient Time taken 0.0172--------------------------------------------------
--------------------------------------------------Step 51 Clip Grad Norm Time taken 0.0221--------------------------------------------------
--------------------------------------------------Step 51 Optimizer Step Time taken 0.0354--------------------------------------------------
--------------------------------------------------Step 51 Lr Scheduler Step Time taken 0.0000--------------------------------------------------
------------------------------Pruning phase------------------------------
--------------------------------------------------Step 52 Pruning Time taken 7.9893--------------------------------------------------
--------------------------------------------------Step 52 Forward Time taken 14.2036--------------------------------------------------
--------------------------------------------------Step 52 Backward Time taken 21.3129--------------------------------------------------
------------------------------Apply Pruning Gradient------------------------------
--------------------------------------------------Step 52 Pruner Apply Gradient Time taken 0.0172--------------------------------------------------
--------------------------------------------------Step 52 Clip Grad Norm Time taken 0.0214--------------------------------------------------
--------------------------------------------------Step 52 Optimizer Step Time taken 0.0352--------------------------------------------------
--------------------------------------------------Step 52 Lr Scheduler Step Time taken 0.0000--------------------------------------------------
------------------------------Pruning phase------------------------------
--------------------------------------------------Step 53 Pruning Time taken 7.9923--------------------------------------------------
--------------------------------------------------Step 53 Forward Time taken 13.9587--------------------------------------------------
--------------------------------------------------Step 53 Backward Time taken 21.4885--------------------------------------------------
------------------------------Apply Pruning Gradient------------------------------
--------------------------------------------------Step 53 Pruner Apply Gradient Time taken 0.0167--------------------------------------------------
--------------------------------------------------Step 53 Clip Grad Norm Time taken 0.0214--------------------------------------------------
--------------------------------------------------Step 53 Optimizer Step Time taken 0.0353--------------------------------------------------
--------------------------------------------------Step 53 Lr Scheduler Step Time taken 0.0000--------------------------------------------------
------------------------------Pruning phase------------------------------
--------------------------------------------------Step 54 Pruning Time taken 7.9949--------------------------------------------------
--------------------------------------------------Step 54 Forward Time taken 14.2501--------------------------------------------------
--------------------------------------------------Step 54 Backward Time taken 21.5333--------------------------------------------------
------------------------------Apply Pruning Gradient------------------------------
--------------------------------------------------Step 54 Pruner Apply Gradient Time taken 0.0169--------------------------------------------------
--------------------------------------------------Step 54 Clip Grad Norm Time taken 0.0221--------------------------------------------------
--------------------------------------------------Step 54 Optimizer Step Time taken 0.0372--------------------------------------------------
--------------------------------------------------Step 54 Lr Scheduler Step Time taken 0.0000--------------------------------------------------
------------------------------Pruning phase------------------------------
--------------------------------------------------Step 55 Pruning Time taken 7.9932--------------------------------------------------
--------------------------------------------------Step 55 Forward Time taken 13.3073--------------------------------------------------
--------------------------------------------------Step 55 Backward Time taken 21.1602--------------------------------------------------
------------------------------Apply Pruning Gradient------------------------------
--------------------------------------------------Step 55 Pruner Apply Gradient Time taken 0.0166--------------------------------------------------
--------------------------------------------------Step 55 Clip Grad Norm Time taken 0.0209--------------------------------------------------
--------------------------------------------------Step 55 Optimizer Step Time taken 0.0347--------------------------------------------------
--------------------------------------------------Step 55 Lr Scheduler Step Time taken 0.0000--------------------------------------------------
------------------------------Pruning phase------------------------------
--------------------------------------------------Step 56 Pruning Time taken 7.9889--------------------------------------------------
--------------------------------------------------Step 56 Forward Time taken 13.8530--------------------------------------------------
--------------------------------------------------Step 56 Backward Time taken 20.8957--------------------------------------------------
------------------------------Apply Pruning Gradient------------------------------
--------------------------------------------------Step 56 Pruner Apply Gradient Time taken 0.0167--------------------------------------------------
--------------------------------------------------Step 56 Clip Grad Norm Time taken 0.0209--------------------------------------------------
--------------------------------------------------Step 56 Optimizer Step Time taken 0.0349--------------------------------------------------
--------------------------------------------------Step 56 Lr Scheduler Step Time taken 0.0000--------------------------------------------------
------------------------------Pruning phase------------------------------
--------------------------------------------------Step 57 Pruning Time taken 7.9905--------------------------------------------------
--------------------------------------------------Step 57 Forward Time taken 13.7094--------------------------------------------------
--------------------------------------------------Step 57 Backward Time taken 22.2378--------------------------------------------------
------------------------------Apply Pruning Gradient------------------------------
--------------------------------------------------Step 57 Pruner Apply Gradient Time taken 0.0167--------------------------------------------------
--------------------------------------------------Step 57 Clip Grad Norm Time taken 0.0209--------------------------------------------------
--------------------------------------------------Step 57 Optimizer Step Time taken 0.0346--------------------------------------------------
--------------------------------------------------Step 57 Lr Scheduler Step Time taken 0.0000--------------------------------------------------
------------------------------Pruning phase------------------------------
--------------------------------------------------Step 58 Pruning Time taken 7.9900--------------------------------------------------
--------------------------------------------------Step 58 Forward Time taken 13.8536--------------------------------------------------
--------------------------------------------------Step 58 Backward Time taken 22.3150--------------------------------------------------
------------------------------Apply Pruning Gradient------------------------------
--------------------------------------------------Step 58 Pruner Apply Gradient Time taken 0.0170--------------------------------------------------
--------------------------------------------------Step 58 Clip Grad Norm Time taken 0.0226--------------------------------------------------
--------------------------------------------------Step 58 Optimizer Step Time taken 0.0374--------------------------------------------------
--------------------------------------------------Step 58 Lr Scheduler Step Time taken 0.0000--------------------------------------------------
------------------------------Pruning phase------------------------------
--------------------------------------------------Step 59 Pruning Time taken 7.9911--------------------------------------------------
--------------------------------------------------Step 59 Forward Time taken 13.4585--------------------------------------------------
--------------------------------------------------Step 59 Backward Time taken 21.7812--------------------------------------------------
------------------------------Apply Pruning Gradient------------------------------
--------------------------------------------------Step 59 Pruner Apply Gradient Time taken 0.0174--------------------------------------------------
--------------------------------------------------Step 59 Clip Grad Norm Time taken 0.0214--------------------------------------------------
--------------------------------------------------Step 59 Optimizer Step Time taken 0.0353--------------------------------------------------
--------------------------------------------------Step 59 Lr Scheduler Step Time taken 0.0000--------------------------------------------------
------------------------------Pruning phase------------------------------
--------------------------------------------------Step 60 Pruning Time taken 7.9891--------------------------------------------------
--------------------------------------------------Step 60 Forward Time taken 13.2039--------------------------------------------------
--------------------------------------------------Step 60 Backward Time taken 21.0922--------------------------------------------------
------------------------------Apply Pruning Gradient------------------------------
--------------------------------------------------Step 60 Pruner Apply Gradient Time taken 0.0170--------------------------------------------------
--------------------------------------------------Step 60 Clip Grad Norm Time taken 0.0221--------------------------------------------------
--------------------------------------------------Step 60 Optimizer Step Time taken 0.0370--------------------------------------------------
--------------------------------------------------Step 60 Lr Scheduler Step Time taken 0.0001--------------------------------------------------
--------------------------------------------------Evaluating Model--------------------------------------------------
------------------------------Pruning phase------------------------------
--------------------------------------------------Step 61 Pruning Time taken 7.9920--------------------------------------------------
--------------------------------------------------Step 61 Forward Time taken 13.3108--------------------------------------------------
--------------------------------------------------Step 61 Backward Time taken 21.2568--------------------------------------------------
------------------------------Apply Pruning Gradient------------------------------
--------------------------------------------------Step 61 Pruner Apply Gradient Time taken 0.0167--------------------------------------------------
--------------------------------------------------Step 61 Clip Grad Norm Time taken 0.0207--------------------------------------------------
--------------------------------------------------Step 61 Optimizer Step Time taken 0.0355--------------------------------------------------
--------------------------------------------------Step 61 Lr Scheduler Step Time taken 0.0000--------------------------------------------------
------------------------------Pruning phase------------------------------
--------------------------------------------------Step 62 Pruning Time taken 7.9886--------------------------------------------------
--------------------------------------------------Step 62 Forward Time taken 13.0367--------------------------------------------------
--------------------------------------------------Step 62 Backward Time taken 20.9175--------------------------------------------------
------------------------------Apply Pruning Gradient------------------------------
--------------------------------------------------Step 62 Pruner Apply Gradient Time taken 0.0166--------------------------------------------------
--------------------------------------------------Step 62 Clip Grad Norm Time taken 0.0209--------------------------------------------------
--------------------------------------------------Step 62 Optimizer Step Time taken 0.0350--------------------------------------------------
--------------------------------------------------Step 62 Lr Scheduler Step Time taken 0.0000--------------------------------------------------
------------------------------Pruning phase------------------------------
--------------------------------------------------Step 63 Pruning Time taken 7.9872--------------------------------------------------
--------------------------------------------------Step 63 Forward Time taken 13.6851--------------------------------------------------
--------------------------------------------------Step 63 Backward Time taken 21.2580--------------------------------------------------
------------------------------Apply Pruning Gradient------------------------------
--------------------------------------------------Step 63 Pruner Apply Gradient Time taken 0.0170--------------------------------------------------
--------------------------------------------------Step 63 Clip Grad Norm Time taken 0.0219--------------------------------------------------
--------------------------------------------------Step 63 Optimizer Step Time taken 0.0359--------------------------------------------------
--------------------------------------------------Step 63 Lr Scheduler Step Time taken 0.0000--------------------------------------------------
------------------------------Pruning phase------------------------------
--------------------------------------------------Step 64 Pruning Time taken 7.9894--------------------------------------------------
--------------------------------------------------Step 64 Forward Time taken 14.0527--------------------------------------------------
--------------------------------------------------Step 64 Backward Time taken 20.2795--------------------------------------------------
------------------------------Apply Pruning Gradient------------------------------
--------------------------------------------------Step 64 Pruner Apply Gradient Time taken 0.0178--------------------------------------------------
--------------------------------------------------Step 64 Clip Grad Norm Time taken 0.0231--------------------------------------------------
--------------------------------------------------Step 64 Optimizer Step Time taken 0.0369--------------------------------------------------
--------------------------------------------------Step 64 Lr Scheduler Step Time taken 0.0000--------------------------------------------------
------------------------------Pruning phase------------------------------
--------------------------------------------------Step 65 Pruning Time taken 7.9911--------------------------------------------------
--------------------------------------------------Step 65 Forward Time taken 14.1166--------------------------------------------------
--------------------------------------------------Step 65 Backward Time taken 21.3506--------------------------------------------------
------------------------------Apply Pruning Gradient------------------------------
--------------------------------------------------Step 65 Pruner Apply Gradient Time taken 0.0180--------------------------------------------------
--------------------------------------------------Step 65 Clip Grad Norm Time taken 0.0230--------------------------------------------------
--------------------------------------------------Step 65 Optimizer Step Time taken 0.0374--------------------------------------------------
--------------------------------------------------Step 65 Lr Scheduler Step Time taken 0.0000--------------------------------------------------
------------------------------Pruning phase------------------------------
--------------------------------------------------Step 66 Pruning Time taken 7.9916--------------------------------------------------
--------------------------------------------------Step 66 Forward Time taken 13.4391--------------------------------------------------
--------------------------------------------------Step 66 Backward Time taken 21.1909--------------------------------------------------
------------------------------Apply Pruning Gradient------------------------------
--------------------------------------------------Step 66 Pruner Apply Gradient Time taken 0.0184--------------------------------------------------
--------------------------------------------------Step 66 Clip Grad Norm Time taken 0.0243--------------------------------------------------
--------------------------------------------------Step 66 Optimizer Step Time taken 0.0377--------------------------------------------------
--------------------------------------------------Step 66 Lr Scheduler Step Time taken 0.0000--------------------------------------------------
------------------------------Pruning phase------------------------------
--------------------------------------------------Step 67 Pruning Time taken 7.9927--------------------------------------------------
--------------------------------------------------Step 67 Forward Time taken 13.4179--------------------------------------------------
--------------------------------------------------Step 67 Backward Time taken 20.9430--------------------------------------------------
------------------------------Apply Pruning Gradient------------------------------
--------------------------------------------------Step 67 Pruner Apply Gradient Time taken 0.0175--------------------------------------------------
--------------------------------------------------Step 67 Clip Grad Norm Time taken 0.0220--------------------------------------------------
--------------------------------------------------Step 67 Optimizer Step Time taken 0.0359--------------------------------------------------
--------------------------------------------------Step 67 Lr Scheduler Step Time taken 0.0000--------------------------------------------------
------------------------------Pruning phase------------------------------
--------------------------------------------------Step 68 Pruning Time taken 7.9932--------------------------------------------------
--------------------------------------------------Step 68 Forward Time taken 13.5613--------------------------------------------------
--------------------------------------------------Step 68 Backward Time taken 20.3193--------------------------------------------------
------------------------------Apply Pruning Gradient------------------------------
--------------------------------------------------Step 68 Pruner Apply Gradient Time taken 0.0172--------------------------------------------------
--------------------------------------------------Step 68 Clip Grad Norm Time taken 0.0221--------------------------------------------------
--------------------------------------------------Step 68 Optimizer Step Time taken 0.0364--------------------------------------------------
--------------------------------------------------Step 68 Lr Scheduler Step Time taken 0.0000--------------------------------------------------
------------------------------Pruning phase------------------------------
--------------------------------------------------Step 69 Pruning Time taken 7.9899--------------------------------------------------
--------------------------------------------------Step 69 Forward Time taken 13.2137--------------------------------------------------
--------------------------------------------------Step 69 Backward Time taken 20.8177--------------------------------------------------
------------------------------Apply Pruning Gradient------------------------------
--------------------------------------------------Step 69 Pruner Apply Gradient Time taken 0.0173--------------------------------------------------
--------------------------------------------------Step 69 Clip Grad Norm Time taken 0.0225--------------------------------------------------
--------------------------------------------------Step 69 Optimizer Step Time taken 0.0356--------------------------------------------------
--------------------------------------------------Step 69 Lr Scheduler Step Time taken 0.0000--------------------------------------------------
------------------------------Pruning phase------------------------------
--------------------------------------------------Step 70 Pruning Time taken 7.9911--------------------------------------------------
--------------------------------------------------Step 70 Forward Time taken 13.2680--------------------------------------------------
--------------------------------------------------Step 70 Backward Time taken 21.0369--------------------------------------------------
------------------------------Apply Pruning Gradient------------------------------
--------------------------------------------------Step 70 Pruner Apply Gradient Time taken 0.0182--------------------------------------------------
--------------------------------------------------Step 70 Clip Grad Norm Time taken 0.0236--------------------------------------------------
--------------------------------------------------Step 70 Optimizer Step Time taken 0.0369--------------------------------------------------
--------------------------------------------------Step 70 Lr Scheduler Step Time taken 0.0000--------------------------------------------------
--------------------------------------------------Evaluating Model--------------------------------------------------
------------------------------Pruning phase------------------------------
--------------------------------------------------Step 71 Pruning Time taken 7.9914--------------------------------------------------
--------------------------------------------------Step 71 Forward Time taken 13.5540--------------------------------------------------
--------------------------------------------------Step 71 Backward Time taken 21.6585--------------------------------------------------
------------------------------Apply Pruning Gradient------------------------------
--------------------------------------------------Step 71 Pruner Apply Gradient Time taken 0.0170--------------------------------------------------
--------------------------------------------------Step 71 Clip Grad Norm Time taken 0.0228--------------------------------------------------
--------------------------------------------------Step 71 Optimizer Step Time taken 0.0376--------------------------------------------------
--------------------------------------------------Step 71 Lr Scheduler Step Time taken 0.0000--------------------------------------------------
------------------------------Pruning phase------------------------------
--------------------------------------------------Step 72 Pruning Time taken 7.9910--------------------------------------------------
--------------------------------------------------Step 72 Forward Time taken 12.9891--------------------------------------------------
--------------------------------------------------Step 72 Backward Time taken 21.8791--------------------------------------------------
------------------------------Apply Pruning Gradient------------------------------
--------------------------------------------------Step 72 Pruner Apply Gradient Time taken 0.0170--------------------------------------------------
--------------------------------------------------Step 72 Clip Grad Norm Time taken 0.0223--------------------------------------------------
--------------------------------------------------Step 72 Optimizer Step Time taken 0.0367--------------------------------------------------
--------------------------------------------------Step 72 Lr Scheduler Step Time taken 0.0000--------------------------------------------------
------------------------------Pruning phase------------------------------
--------------------------------------------------Step 73 Pruning Time taken 7.9911--------------------------------------------------
--------------------------------------------------Step 73 Forward Time taken 12.8948--------------------------------------------------
--------------------------------------------------Step 73 Backward Time taken 21.6586--------------------------------------------------
------------------------------Apply Pruning Gradient------------------------------
--------------------------------------------------Step 73 Pruner Apply Gradient Time taken 0.0182--------------------------------------------------
--------------------------------------------------Step 73 Clip Grad Norm Time taken 0.0226--------------------------------------------------
--------------------------------------------------Step 73 Optimizer Step Time taken 0.0368--------------------------------------------------
--------------------------------------------------Step 73 Lr Scheduler Step Time taken 0.0000--------------------------------------------------
------------------------------Pruning phase------------------------------
--------------------------------------------------Step 74 Pruning Time taken 7.9909--------------------------------------------------
--------------------------------------------------Step 74 Forward Time taken 13.0134--------------------------------------------------
--------------------------------------------------Step 74 Backward Time taken 22.2584--------------------------------------------------
------------------------------Apply Pruning Gradient------------------------------
--------------------------------------------------Step 74 Pruner Apply Gradient Time taken 0.0177--------------------------------------------------
--------------------------------------------------Step 74 Clip Grad Norm Time taken 0.0231--------------------------------------------------
--------------------------------------------------Step 74 Optimizer Step Time taken 0.0374--------------------------------------------------
--------------------------------------------------Step 74 Lr Scheduler Step Time taken 0.0000--------------------------------------------------
------------------------------Pruning phase------------------------------
--------------------------------------------------Step 75 Pruning Time taken 7.9892--------------------------------------------------
--------------------------------------------------Step 75 Forward Time taken 13.5295--------------------------------------------------
--------------------------------------------------Step 75 Backward Time taken 21.4445--------------------------------------------------
------------------------------Apply Pruning Gradient------------------------------
--------------------------------------------------Step 75 Pruner Apply Gradient Time taken 0.0167--------------------------------------------------
--------------------------------------------------Step 75 Clip Grad Norm Time taken 0.0211--------------------------------------------------
--------------------------------------------------Step 75 Optimizer Step Time taken 0.0350--------------------------------------------------
--------------------------------------------------Step 75 Lr Scheduler Step Time taken 0.0000--------------------------------------------------
------------------------------Pruning phase------------------------------
--------------------------------------------------Step 76 Pruning Time taken 7.9876--------------------------------------------------
--------------------------------------------------Step 76 Forward Time taken 13.0944--------------------------------------------------
--------------------------------------------------Step 76 Backward Time taken 21.4322--------------------------------------------------
------------------------------Apply Pruning Gradient------------------------------
--------------------------------------------------Step 76 Pruner Apply Gradient Time taken 0.0166--------------------------------------------------
--------------------------------------------------Step 76 Clip Grad Norm Time taken 0.0233--------------------------------------------------
--------------------------------------------------Step 76 Optimizer Step Time taken 0.0373--------------------------------------------------
--------------------------------------------------Step 76 Lr Scheduler Step Time taken 0.0000--------------------------------------------------
------------------------------Pruning phase------------------------------
--------------------------------------------------Step 77 Pruning Time taken 7.9876--------------------------------------------------
--------------------------------------------------Step 77 Forward Time taken 13.1590--------------------------------------------------
--------------------------------------------------Step 77 Backward Time taken 21.9874--------------------------------------------------
------------------------------Apply Pruning Gradient------------------------------
--------------------------------------------------Step 77 Pruner Apply Gradient Time taken 0.0169--------------------------------------------------
--------------------------------------------------Step 77 Clip Grad Norm Time taken 0.0233--------------------------------------------------
--------------------------------------------------Step 77 Optimizer Step Time taken 0.0380--------------------------------------------------
--------------------------------------------------Step 77 Lr Scheduler Step Time taken 0.0000--------------------------------------------------
------------------------------Pruning phase------------------------------
--------------------------------------------------Step 78 Pruning Time taken 7.9907--------------------------------------------------
--------------------------------------------------Step 78 Forward Time taken 13.0448--------------------------------------------------
--------------------------------------------------Step 78 Backward Time taken 22.1448--------------------------------------------------
------------------------------Apply Pruning Gradient------------------------------
--------------------------------------------------Step 78 Pruner Apply Gradient Time taken 0.0167--------------------------------------------------
--------------------------------------------------Step 78 Clip Grad Norm Time taken 0.0209--------------------------------------------------
--------------------------------------------------Step 78 Optimizer Step Time taken 0.0346--------------------------------------------------
--------------------------------------------------Step 78 Lr Scheduler Step Time taken 0.0000--------------------------------------------------
------------------------------Pruning phase------------------------------
--------------------------------------------------Step 79 Pruning Time taken 7.9924--------------------------------------------------
--------------------------------------------------Step 79 Forward Time taken 14.4136--------------------------------------------------
--------------------------------------------------Step 79 Backward Time taken 21.6103--------------------------------------------------
------------------------------Apply Pruning Gradient------------------------------
--------------------------------------------------Step 79 Pruner Apply Gradient Time taken 0.0168--------------------------------------------------
--------------------------------------------------Step 79 Clip Grad Norm Time taken 0.0219--------------------------------------------------
--------------------------------------------------Step 79 Optimizer Step Time taken 0.0368--------------------------------------------------
--------------------------------------------------Step 79 Lr Scheduler Step Time taken 0.0001--------------------------------------------------
------------------------------Pruning phase------------------------------
--------------------------------------------------Step 80 Pruning Time taken 7.9941--------------------------------------------------
--------------------------------------------------Step 80 Forward Time taken 13.1081--------------------------------------------------
--------------------------------------------------Step 80 Backward Time taken 21.2665--------------------------------------------------
------------------------------Apply Pruning Gradient------------------------------
--------------------------------------------------Step 80 Pruner Apply Gradient Time taken 0.0166--------------------------------------------------
--------------------------------------------------Step 80 Clip Grad Norm Time taken 0.0218--------------------------------------------------
--------------------------------------------------Step 80 Optimizer Step Time taken 0.0354--------------------------------------------------
--------------------------------------------------Step 80 Lr Scheduler Step Time taken 0.0000--------------------------------------------------
--------------------------------------------------Evaluating Model--------------------------------------------------
------------------------------Pruning phase------------------------------
--------------------------------------------------Step 81 Pruning Time taken 7.9953--------------------------------------------------
--------------------------------------------------Step 81 Forward Time taken 13.3549--------------------------------------------------
--------------------------------------------------Step 81 Backward Time taken 21.0793--------------------------------------------------
------------------------------Apply Pruning Gradient------------------------------
--------------------------------------------------Step 81 Pruner Apply Gradient Time taken 0.0166--------------------------------------------------
--------------------------------------------------Step 81 Clip Grad Norm Time taken 0.0217--------------------------------------------------
--------------------------------------------------Step 81 Optimizer Step Time taken 0.0349--------------------------------------------------
--------------------------------------------------Step 81 Lr Scheduler Step Time taken 0.0000--------------------------------------------------
------------------------------Pruning phase------------------------------
--------------------------------------------------Step 82 Pruning Time taken 7.9925--------------------------------------------------
--------------------------------------------------Step 82 Forward Time taken 13.9163--------------------------------------------------
--------------------------------------------------Step 82 Backward Time taken 20.7221--------------------------------------------------
------------------------------Apply Pruning Gradient------------------------------
--------------------------------------------------Step 82 Pruner Apply Gradient Time taken 0.0173--------------------------------------------------
--------------------------------------------------Step 82 Clip Grad Norm Time taken 0.0216--------------------------------------------------
--------------------------------------------------Step 82 Optimizer Step Time taken 0.0359--------------------------------------------------
--------------------------------------------------Step 82 Lr Scheduler Step Time taken 0.0000--------------------------------------------------
------------------------------Pruning phase------------------------------
--------------------------------------------------Step 83 Pruning Time taken 7.9892--------------------------------------------------
--------------------------------------------------Step 83 Forward Time taken 13.7564--------------------------------------------------
--------------------------------------------------Step 83 Backward Time taken 21.3349--------------------------------------------------
------------------------------Apply Pruning Gradient------------------------------
--------------------------------------------------Step 83 Pruner Apply Gradient Time taken 0.0167--------------------------------------------------
--------------------------------------------------Step 83 Clip Grad Norm Time taken 0.0209--------------------------------------------------
--------------------------------------------------Step 83 Optimizer Step Time taken 0.0358--------------------------------------------------
--------------------------------------------------Step 83 Lr Scheduler Step Time taken 0.0000--------------------------------------------------
------------------------------Pruning phase------------------------------
--------------------------------------------------Step 84 Pruning Time taken 7.9906--------------------------------------------------
--------------------------------------------------Step 84 Forward Time taken 13.3476--------------------------------------------------
--------------------------------------------------Step 84 Backward Time taken 21.0042--------------------------------------------------
------------------------------Apply Pruning Gradient------------------------------
--------------------------------------------------Step 84 Pruner Apply Gradient Time taken 0.0173--------------------------------------------------
--------------------------------------------------Step 84 Clip Grad Norm Time taken 0.0218--------------------------------------------------
--------------------------------------------------Step 84 Optimizer Step Time taken 0.0348--------------------------------------------------
--------------------------------------------------Step 84 Lr Scheduler Step Time taken 0.0000--------------------------------------------------
------------------------------Pruning phase------------------------------
--------------------------------------------------Step 85 Pruning Time taken 7.9959--------------------------------------------------
--------------------------------------------------Step 85 Forward Time taken 14.9898--------------------------------------------------
--------------------------------------------------Step 85 Backward Time taken 21.2061--------------------------------------------------
------------------------------Apply Pruning Gradient------------------------------
--------------------------------------------------Step 85 Pruner Apply Gradient Time taken 0.0163--------------------------------------------------
--------------------------------------------------Step 85 Clip Grad Norm Time taken 0.0210--------------------------------------------------
--------------------------------------------------Step 85 Optimizer Step Time taken 0.0347--------------------------------------------------
--------------------------------------------------Step 85 Lr Scheduler Step Time taken 0.0000--------------------------------------------------
------------------------------Pruning phase------------------------------
--------------------------------------------------Step 86 Pruning Time taken 7.9908--------------------------------------------------
--------------------------------------------------Step 86 Forward Time taken 14.2293--------------------------------------------------
--------------------------------------------------Step 86 Backward Time taken 22.1128--------------------------------------------------
------------------------------Apply Pruning Gradient------------------------------
--------------------------------------------------Step 86 Pruner Apply Gradient Time taken 0.0173--------------------------------------------------
--------------------------------------------------Step 86 Clip Grad Norm Time taken 0.0215--------------------------------------------------
--------------------------------------------------Step 86 Optimizer Step Time taken 0.0354--------------------------------------------------
--------------------------------------------------Step 86 Lr Scheduler Step Time taken 0.0000--------------------------------------------------
------------------------------Pruning phase------------------------------
--------------------------------------------------Step 87 Pruning Time taken 7.9911--------------------------------------------------
--------------------------------------------------Step 87 Forward Time taken 14.0158--------------------------------------------------
--------------------------------------------------Step 87 Backward Time taken 21.7648--------------------------------------------------
------------------------------Apply Pruning Gradient------------------------------
--------------------------------------------------Step 87 Pruner Apply Gradient Time taken 0.0173--------------------------------------------------
--------------------------------------------------Step 87 Clip Grad Norm Time taken 0.0214--------------------------------------------------
--------------------------------------------------Step 87 Optimizer Step Time taken 0.0353--------------------------------------------------
--------------------------------------------------Step 87 Lr Scheduler Step Time taken 0.0000--------------------------------------------------
------------------------------Pruning phase------------------------------
--------------------------------------------------Step 88 Pruning Time taken 7.9908--------------------------------------------------
--------------------------------------------------Step 88 Forward Time taken 14.4468--------------------------------------------------
--------------------------------------------------Step 88 Backward Time taken 21.7248--------------------------------------------------
------------------------------Apply Pruning Gradient------------------------------
--------------------------------------------------Step 88 Pruner Apply Gradient Time taken 0.0164--------------------------------------------------
--------------------------------------------------Step 88 Clip Grad Norm Time taken 0.0222--------------------------------------------------
--------------------------------------------------Step 88 Optimizer Step Time taken 0.0348--------------------------------------------------
--------------------------------------------------Step 88 Lr Scheduler Step Time taken 0.0000--------------------------------------------------
------------------------------Pruning phase------------------------------
--------------------------------------------------Step 89 Pruning Time taken 7.9908--------------------------------------------------
--------------------------------------------------Step 89 Forward Time taken 13.7239--------------------------------------------------
--------------------------------------------------Step 89 Backward Time taken 21.6696--------------------------------------------------
------------------------------Apply Pruning Gradient------------------------------
--------------------------------------------------Step 89 Pruner Apply Gradient Time taken 0.0175--------------------------------------------------
--------------------------------------------------Step 89 Clip Grad Norm Time taken 0.0216--------------------------------------------------
--------------------------------------------------Step 89 Optimizer Step Time taken 0.0363--------------------------------------------------
--------------------------------------------------Step 89 Lr Scheduler Step Time taken 0.0000--------------------------------------------------
------------------------------Pruning phase------------------------------
--------------------------------------------------Step 90 Pruning Time taken 7.9930--------------------------------------------------
--------------------------------------------------Step 90 Forward Time taken 14.3074--------------------------------------------------
--------------------------------------------------Step 90 Backward Time taken 21.0602--------------------------------------------------
------------------------------Apply Pruning Gradient------------------------------
--------------------------------------------------Step 90 Pruner Apply Gradient Time taken 0.0167--------------------------------------------------
--------------------------------------------------Step 90 Clip Grad Norm Time taken 0.0212--------------------------------------------------
--------------------------------------------------Step 90 Optimizer Step Time taken 0.0356--------------------------------------------------
--------------------------------------------------Step 90 Lr Scheduler Step Time taken 0.0000--------------------------------------------------
--------------------------------------------------Evaluating Model--------------------------------------------------
------------------------------Pruning phase------------------------------
--------------------------------------------------Step 91 Pruning Time taken 7.9912--------------------------------------------------
--------------------------------------------------Step 91 Forward Time taken 13.2047--------------------------------------------------
--------------------------------------------------Step 91 Backward Time taken 21.7008--------------------------------------------------
------------------------------Apply Pruning Gradient------------------------------
--------------------------------------------------Step 91 Pruner Apply Gradient Time taken 0.0170--------------------------------------------------
--------------------------------------------------Step 91 Clip Grad Norm Time taken 0.0209--------------------------------------------------
--------------------------------------------------Step 91 Optimizer Step Time taken 0.0348--------------------------------------------------
--------------------------------------------------Step 91 Lr Scheduler Step Time taken 0.0000--------------------------------------------------
------------------------------Pruning phase------------------------------
--------------------------------------------------Step 92 Pruning Time taken 7.9904--------------------------------------------------
--------------------------------------------------Step 92 Forward Time taken 14.8209--------------------------------------------------
--------------------------------------------------Step 92 Backward Time taken 22.4000--------------------------------------------------
------------------------------Apply Pruning Gradient------------------------------
--------------------------------------------------Step 92 Pruner Apply Gradient Time taken 0.0165--------------------------------------------------
--------------------------------------------------Step 92 Clip Grad Norm Time taken 0.0209--------------------------------------------------
--------------------------------------------------Step 92 Optimizer Step Time taken 0.0347--------------------------------------------------
--------------------------------------------------Step 92 Lr Scheduler Step Time taken 0.0000--------------------------------------------------
------------------------------Pruning phase------------------------------
--------------------------------------------------Step 93 Pruning Time taken 7.9881--------------------------------------------------
--------------------------------------------------Step 93 Forward Time taken 13.5915--------------------------------------------------
--------------------------------------------------Step 93 Backward Time taken 22.1515--------------------------------------------------
------------------------------Apply Pruning Gradient------------------------------
--------------------------------------------------Step 93 Pruner Apply Gradient Time taken 0.0179--------------------------------------------------
--------------------------------------------------Step 93 Clip Grad Norm Time taken 0.0224--------------------------------------------------
--------------------------------------------------Step 93 Optimizer Step Time taken 0.0364--------------------------------------------------
--------------------------------------------------Step 93 Lr Scheduler Step Time taken 0.0000--------------------------------------------------
------------------------------Pruning phase------------------------------
--------------------------------------------------Step 94 Pruning Time taken 7.9940--------------------------------------------------
--------------------------------------------------Step 94 Forward Time taken 13.0914--------------------------------------------------
--------------------------------------------------Step 94 Backward Time taken 19.4944--------------------------------------------------
------------------------------Apply Pruning Gradient------------------------------
--------------------------------------------------Step 94 Pruner Apply Gradient Time taken 0.0174--------------------------------------------------
--------------------------------------------------Step 94 Clip Grad Norm Time taken 0.0217--------------------------------------------------
--------------------------------------------------Step 94 Optimizer Step Time taken 0.0355--------------------------------------------------
--------------------------------------------------Step 94 Lr Scheduler Step Time taken 0.0000--------------------------------------------------
------------------------------Pruning phase------------------------------
--------------------------------------------------Step 95 Pruning Time taken 7.9898--------------------------------------------------
--------------------------------------------------Step 95 Forward Time taken 14.1287--------------------------------------------------
--------------------------------------------------Step 95 Backward Time taken 20.4105--------------------------------------------------
------------------------------Apply Pruning Gradient------------------------------
--------------------------------------------------Step 95 Pruner Apply Gradient Time taken 0.0183--------------------------------------------------
--------------------------------------------------Step 95 Clip Grad Norm Time taken 0.0240--------------------------------------------------
--------------------------------------------------Step 95 Optimizer Step Time taken 0.0378--------------------------------------------------
--------------------------------------------------Step 95 Lr Scheduler Step Time taken 0.0000--------------------------------------------------
------------------------------Pruning phase------------------------------
--------------------------------------------------Step 96 Pruning Time taken 7.9906--------------------------------------------------
--------------------------------------------------Step 96 Forward Time taken 13.3076--------------------------------------------------
--------------------------------------------------Step 96 Backward Time taken 21.0887--------------------------------------------------
------------------------------Apply Pruning Gradient------------------------------
--------------------------------------------------Step 96 Pruner Apply Gradient Time taken 0.0184--------------------------------------------------
--------------------------------------------------Step 96 Clip Grad Norm Time taken 0.0236--------------------------------------------------
--------------------------------------------------Step 96 Optimizer Step Time taken 0.0387--------------------------------------------------
--------------------------------------------------Step 96 Lr Scheduler Step Time taken 0.0001--------------------------------------------------
------------------------------Pruning phase------------------------------
--------------------------------------------------Step 97 Pruning Time taken 7.9912--------------------------------------------------
--------------------------------------------------Step 97 Forward Time taken 13.8066--------------------------------------------------
--------------------------------------------------Step 97 Backward Time taken 22.1715--------------------------------------------------
------------------------------Apply Pruning Gradient------------------------------
--------------------------------------------------Step 97 Pruner Apply Gradient Time taken 0.0183--------------------------------------------------
--------------------------------------------------Step 97 Clip Grad Norm Time taken 0.0234--------------------------------------------------
--------------------------------------------------Step 97 Optimizer Step Time taken 0.0385--------------------------------------------------
--------------------------------------------------Step 97 Lr Scheduler Step Time taken 0.0000--------------------------------------------------
------------------------------Pruning phase------------------------------
--------------------------------------------------Step 98 Pruning Time taken 7.9906--------------------------------------------------
--------------------------------------------------Step 98 Forward Time taken 14.4063--------------------------------------------------
--------------------------------------------------Step 98 Backward Time taken 23.8803--------------------------------------------------
------------------------------Apply Pruning Gradient------------------------------
--------------------------------------------------Step 98 Pruner Apply Gradient Time taken 0.0183--------------------------------------------------
--------------------------------------------------Step 98 Clip Grad Norm Time taken 0.0241--------------------------------------------------
--------------------------------------------------Step 98 Optimizer Step Time taken 0.0383--------------------------------------------------
--------------------------------------------------Step 98 Lr Scheduler Step Time taken 0.0000--------------------------------------------------
------------------------------Pruning phase------------------------------
--------------------------------------------------Step 99 Pruning Time taken 7.9900--------------------------------------------------
--------------------------------------------------Step 99 Forward Time taken 14.8261--------------------------------------------------
--------------------------------------------------Step 99 Backward Time taken 24.8539--------------------------------------------------
------------------------------Apply Pruning Gradient------------------------------
--------------------------------------------------Step 99 Pruner Apply Gradient Time taken 0.0171--------------------------------------------------
--------------------------------------------------Step 99 Clip Grad Norm Time taken 0.0208--------------------------------------------------
--------------------------------------------------Step 99 Optimizer Step Time taken 0.0346--------------------------------------------------
--------------------------------------------------Step 99 Lr Scheduler Step Time taken 0.0000--------------------------------------------------
------------------------------Pruning phase------------------------------
--------------------------------------------------Step 100 Pruning Time taken 7.9884--------------------------------------------------
--------------------------------------------------Step 100 Forward Time taken 13.9582--------------------------------------------------
--------------------------------------------------Step 100 Backward Time taken 24.4684--------------------------------------------------
------------------------------Apply Pruning Gradient------------------------------
--------------------------------------------------Step 100 Pruner Apply Gradient Time taken 0.0168--------------------------------------------------
--------------------------------------------------Step 100 Clip Grad Norm Time taken 0.0211--------------------------------------------------
--------------------------------------------------Step 100 Optimizer Step Time taken 0.0350--------------------------------------------------
--------------------------------------------------Step 100 Lr Scheduler Step Time taken 0.0000--------------------------------------------------
--------------------------------------------------Evaluating Model--------------------------------------------------
------------------------------Pruning phase------------------------------
--------------------------------------------------Step 101 Pruning Time taken 7.9890--------------------------------------------------
--------------------------------------------------Step 101 Forward Time taken 13.2696--------------------------------------------------
--------------------------------------------------Step 101 Backward Time taken 19.9757--------------------------------------------------
------------------------------Apply Pruning Gradient------------------------------
--------------------------------------------------Step 101 Pruner Apply Gradient Time taken 0.0174--------------------------------------------------
--------------------------------------------------Step 101 Clip Grad Norm Time taken 0.0223--------------------------------------------------
--------------------------------------------------Step 101 Optimizer Step Time taken 0.0361--------------------------------------------------
--------------------------------------------------Step 101 Lr Scheduler Step Time taken 0.0000--------------------------------------------------
------------------------------Pruning phase------------------------------
--------------------------------------------------Step 102 Pruning Time taken 7.9881--------------------------------------------------
--------------------------------------------------Step 102 Forward Time taken 14.7305--------------------------------------------------
--------------------------------------------------Step 102 Backward Time taken 21.4755--------------------------------------------------
------------------------------Apply Pruning Gradient------------------------------
--------------------------------------------------Step 102 Pruner Apply Gradient Time taken 0.0167--------------------------------------------------
--------------------------------------------------Step 102 Clip Grad Norm Time taken 0.0219--------------------------------------------------
--------------------------------------------------Step 102 Optimizer Step Time taken 0.0350--------------------------------------------------
--------------------------------------------------Step 102 Lr Scheduler Step Time taken 0.0000--------------------------------------------------
------------------------------Pruning phase------------------------------
--------------------------------------------------Step 103 Pruning Time taken 7.9853--------------------------------------------------
--------------------------------------------------Step 103 Forward Time taken 14.1751--------------------------------------------------
--------------------------------------------------Step 103 Backward Time taken 22.7130--------------------------------------------------
------------------------------Apply Pruning Gradient------------------------------
--------------------------------------------------Step 103 Pruner Apply Gradient Time taken 0.0167--------------------------------------------------
--------------------------------------------------Step 103 Clip Grad Norm Time taken 0.0209--------------------------------------------------
--------------------------------------------------Step 103 Optimizer Step Time taken 0.0347--------------------------------------------------
--------------------------------------------------Step 103 Lr Scheduler Step Time taken 0.0000--------------------------------------------------
------------------------------Pruning phase------------------------------
--------------------------------------------------Step 104 Pruning Time taken 7.9872--------------------------------------------------
--------------------------------------------------Step 104 Forward Time taken 14.7141--------------------------------------------------
--------------------------------------------------Step 104 Backward Time taken 23.9568--------------------------------------------------
------------------------------Apply Pruning Gradient------------------------------
--------------------------------------------------Step 104 Pruner Apply Gradient Time taken 0.0170--------------------------------------------------
--------------------------------------------------Step 104 Clip Grad Norm Time taken 0.0209--------------------------------------------------
--------------------------------------------------Step 104 Optimizer Step Time taken 0.0348--------------------------------------------------
--------------------------------------------------Step 104 Lr Scheduler Step Time taken 0.0000--------------------------------------------------
------------------------------Pruning phase------------------------------
--------------------------------------------------Step 105 Pruning Time taken 7.9912--------------------------------------------------
--------------------------------------------------Step 105 Forward Time taken 14.4057--------------------------------------------------
--------------------------------------------------Step 105 Backward Time taken 23.9122--------------------------------------------------
------------------------------Apply Pruning Gradient------------------------------
--------------------------------------------------Step 105 Pruner Apply Gradient Time taken 0.0167--------------------------------------------------
--------------------------------------------------Step 105 Clip Grad Norm Time taken 0.0208--------------------------------------------------
--------------------------------------------------Step 105 Optimizer Step Time taken 0.0347--------------------------------------------------
--------------------------------------------------Step 105 Lr Scheduler Step Time taken 0.0000--------------------------------------------------
------------------------------Pruning phase------------------------------
--------------------------------------------------Step 106 Pruning Time taken 7.9887--------------------------------------------------
--------------------------------------------------Step 106 Forward Time taken 13.0953--------------------------------------------------
--------------------------------------------------Step 106 Backward Time taken 21.9175--------------------------------------------------
------------------------------Apply Pruning Gradient------------------------------
--------------------------------------------------Step 106 Pruner Apply Gradient Time taken 0.0173--------------------------------------------------
--------------------------------------------------Step 106 Clip Grad Norm Time taken 0.0208--------------------------------------------------
--------------------------------------------------Step 106 Optimizer Step Time taken 0.0347--------------------------------------------------
--------------------------------------------------Step 106 Lr Scheduler Step Time taken 0.0000--------------------------------------------------
------------------------------Pruning phase------------------------------
--------------------------------------------------Step 107 Pruning Time taken 7.9881--------------------------------------------------
--------------------------------------------------Step 107 Forward Time taken 14.4212--------------------------------------------------
--------------------------------------------------Step 107 Backward Time taken 23.1437--------------------------------------------------
------------------------------Apply Pruning Gradient------------------------------
--------------------------------------------------Step 107 Pruner Apply Gradient Time taken 0.0174--------------------------------------------------
--------------------------------------------------Step 107 Clip Grad Norm Time taken 0.0217--------------------------------------------------
--------------------------------------------------Step 107 Optimizer Step Time taken 0.0357--------------------------------------------------
--------------------------------------------------Step 107 Lr Scheduler Step Time taken 0.0000--------------------------------------------------
------------------------------Pruning phase------------------------------
--------------------------------------------------Step 108 Pruning Time taken 7.9890--------------------------------------------------
--------------------------------------------------Step 108 Forward Time taken 14.4595--------------------------------------------------
--------------------------------------------------Step 108 Backward Time taken 23.8961--------------------------------------------------
------------------------------Apply Pruning Gradient------------------------------
--------------------------------------------------Step 108 Pruner Apply Gradient Time taken 0.0182--------------------------------------------------
--------------------------------------------------Step 108 Clip Grad Norm Time taken 0.0233--------------------------------------------------
--------------------------------------------------Step 108 Optimizer Step Time taken 0.0380--------------------------------------------------
--------------------------------------------------Step 108 Lr Scheduler Step Time taken 0.0001--------------------------------------------------
------------------------------Pruning phase------------------------------
--------------------------------------------------Step 109 Pruning Time taken 7.9889--------------------------------------------------
--------------------------------------------------Step 109 Forward Time taken 14.5963--------------------------------------------------
--------------------------------------------------Step 109 Backward Time taken 24.5061--------------------------------------------------
------------------------------Apply Pruning Gradient------------------------------
--------------------------------------------------Step 109 Pruner Apply Gradient Time taken 0.0172--------------------------------------------------
--------------------------------------------------Step 109 Clip Grad Norm Time taken 0.0217--------------------------------------------------
--------------------------------------------------Step 109 Optimizer Step Time taken 0.0359--------------------------------------------------
--------------------------------------------------Step 109 Lr Scheduler Step Time taken 0.0000--------------------------------------------------
------------------------------Pruning phase------------------------------
--------------------------------------------------Step 110 Pruning Time taken 7.9878--------------------------------------------------
--------------------------------------------------Step 110 Forward Time taken 15.3680--------------------------------------------------
--------------------------------------------------Step 110 Backward Time taken 23.0146--------------------------------------------------
------------------------------Apply Pruning Gradient------------------------------
--------------------------------------------------Step 110 Pruner Apply Gradient Time taken 0.0162--------------------------------------------------
--------------------------------------------------Step 110 Clip Grad Norm Time taken 0.0213--------------------------------------------------
--------------------------------------------------Step 110 Optimizer Step Time taken 0.0365--------------------------------------------------
--------------------------------------------------Step 110 Lr Scheduler Step Time taken 0.0000--------------------------------------------------
--------------------------------------------------Evaluating Model--------------------------------------------------
------------------------------Pruning phase------------------------------
--------------------------------------------------Step 111 Pruning Time taken 7.9869--------------------------------------------------
--------------------------------------------------Step 111 Forward Time taken 14.1805--------------------------------------------------
--------------------------------------------------Step 111 Backward Time taken 21.2196--------------------------------------------------
------------------------------Apply Pruning Gradient------------------------------
--------------------------------------------------Step 111 Pruner Apply Gradient Time taken 0.0183--------------------------------------------------
--------------------------------------------------Step 111 Clip Grad Norm Time taken 0.0246--------------------------------------------------
--------------------------------------------------Step 111 Optimizer Step Time taken 0.0395--------------------------------------------------
--------------------------------------------------Step 111 Lr Scheduler Step Time taken 0.0000--------------------------------------------------
------------------------------Pruning phase------------------------------
--------------------------------------------------Step 112 Pruning Time taken 7.9884--------------------------------------------------
--------------------------------------------------Step 112 Forward Time taken 14.4250--------------------------------------------------
--------------------------------------------------Step 112 Backward Time taken 20.8132--------------------------------------------------
------------------------------Apply Pruning Gradient------------------------------
--------------------------------------------------Step 112 Pruner Apply Gradient Time taken 0.0166--------------------------------------------------
--------------------------------------------------Step 112 Clip Grad Norm Time taken 0.0221--------------------------------------------------
--------------------------------------------------Step 112 Optimizer Step Time taken 0.0359--------------------------------------------------
--------------------------------------------------Step 112 Lr Scheduler Step Time taken 0.0000--------------------------------------------------
------------------------------Pruning phase------------------------------
--------------------------------------------------Step 113 Pruning Time taken 7.9867--------------------------------------------------
--------------------------------------------------Step 113 Forward Time taken 14.7070--------------------------------------------------
--------------------------------------------------Step 113 Backward Time taken 21.9126--------------------------------------------------
------------------------------Apply Pruning Gradient------------------------------
--------------------------------------------------Step 113 Pruner Apply Gradient Time taken 0.0175--------------------------------------------------
--------------------------------------------------Step 113 Clip Grad Norm Time taken 0.0221--------------------------------------------------
--------------------------------------------------Step 113 Optimizer Step Time taken 0.0349--------------------------------------------------
--------------------------------------------------Step 113 Lr Scheduler Step Time taken 0.0000--------------------------------------------------
------------------------------Pruning phase------------------------------
--------------------------------------------------Step 114 Pruning Time taken 7.9904--------------------------------------------------
--------------------------------------------------Step 114 Forward Time taken 14.5272--------------------------------------------------
--------------------------------------------------Step 114 Backward Time taken 20.8938--------------------------------------------------
------------------------------Apply Pruning Gradient------------------------------
--------------------------------------------------Step 114 Pruner Apply Gradient Time taken 0.0168--------------------------------------------------
--------------------------------------------------Step 114 Clip Grad Norm Time taken 0.3351--------------------------------------------------
--------------------------------------------------Step 114 Optimizer Step Time taken 0.0368--------------------------------------------------
--------------------------------------------------Step 114 Lr Scheduler Step Time taken 0.0000--------------------------------------------------
------------------------------Pruning phase------------------------------
--------------------------------------------------Step 115 Pruning Time taken 7.9863--------------------------------------------------
--------------------------------------------------Step 115 Forward Time taken 14.6107--------------------------------------------------
--------------------------------------------------Step 115 Backward Time taken 20.9022--------------------------------------------------
------------------------------Apply Pruning Gradient------------------------------
--------------------------------------------------Step 115 Pruner Apply Gradient Time taken 0.0162--------------------------------------------------
--------------------------------------------------Step 115 Clip Grad Norm Time taken 0.0210--------------------------------------------------
--------------------------------------------------Step 115 Optimizer Step Time taken 0.0348--------------------------------------------------
--------------------------------------------------Step 115 Lr Scheduler Step Time taken 0.0000--------------------------------------------------
------------------------------Pruning phase------------------------------
--------------------------------------------------Step 116 Pruning Time taken 7.9878--------------------------------------------------
--------------------------------------------------Step 116 Forward Time taken 14.9239--------------------------------------------------
--------------------------------------------------Step 116 Backward Time taken 22.5278--------------------------------------------------
------------------------------Apply Pruning Gradient------------------------------
--------------------------------------------------Step 116 Pruner Apply Gradient Time taken 0.0164--------------------------------------------------
--------------------------------------------------Step 116 Clip Grad Norm Time taken 0.0211--------------------------------------------------
--------------------------------------------------Step 116 Optimizer Step Time taken 0.0359--------------------------------------------------
--------------------------------------------------Step 116 Lr Scheduler Step Time taken 0.0000--------------------------------------------------
------------------------------Pruning phase------------------------------
--------------------------------------------------Step 117 Pruning Time taken 7.9874--------------------------------------------------
--------------------------------------------------Step 117 Forward Time taken 14.2836--------------------------------------------------
--------------------------------------------------Step 117 Backward Time taken 21.4329--------------------------------------------------
------------------------------Apply Pruning Gradient------------------------------
--------------------------------------------------Step 117 Pruner Apply Gradient Time taken 0.0164--------------------------------------------------
--------------------------------------------------Step 117 Clip Grad Norm Time taken 0.0218--------------------------------------------------
--------------------------------------------------Step 117 Optimizer Step Time taken 0.0347--------------------------------------------------
--------------------------------------------------Step 117 Lr Scheduler Step Time taken 0.0000--------------------------------------------------
------------------------------Pruning phase------------------------------
--------------------------------------------------Step 118 Pruning Time taken 7.9917--------------------------------------------------
--------------------------------------------------Step 118 Forward Time taken 14.2151--------------------------------------------------
--------------------------------------------------Step 118 Backward Time taken 21.6223--------------------------------------------------
------------------------------Apply Pruning Gradient------------------------------
--------------------------------------------------Step 118 Pruner Apply Gradient Time taken 0.0163--------------------------------------------------
--------------------------------------------------Step 118 Clip Grad Norm Time taken 0.0218--------------------------------------------------
--------------------------------------------------Step 118 Optimizer Step Time taken 0.0352--------------------------------------------------
--------------------------------------------------Step 118 Lr Scheduler Step Time taken 0.0000--------------------------------------------------
------------------------------Pruning phase------------------------------
--------------------------------------------------Step 119 Pruning Time taken 7.9880--------------------------------------------------
--------------------------------------------------Step 119 Forward Time taken 14.1107--------------------------------------------------
--------------------------------------------------Step 119 Backward Time taken 21.0813--------------------------------------------------
------------------------------Apply Pruning Gradient------------------------------
--------------------------------------------------Step 119 Pruner Apply Gradient Time taken 0.0162--------------------------------------------------
--------------------------------------------------Step 119 Clip Grad Norm Time taken 0.0214--------------------------------------------------
--------------------------------------------------Step 119 Optimizer Step Time taken 0.0352--------------------------------------------------
--------------------------------------------------Step 119 Lr Scheduler Step Time taken 0.0000--------------------------------------------------
------------------------------Pruning phase------------------------------
--------------------------------------------------Step 120 Pruning Time taken 7.9882--------------------------------------------------
--------------------------------------------------Step 120 Forward Time taken 15.3124--------------------------------------------------
--------------------------------------------------Step 120 Backward Time taken 21.5015--------------------------------------------------
------------------------------Apply Pruning Gradient------------------------------
--------------------------------------------------Step 120 Pruner Apply Gradient Time taken 0.0163--------------------------------------------------
--------------------------------------------------Step 120 Clip Grad Norm Time taken 0.0237--------------------------------------------------
--------------------------------------------------Step 120 Optimizer Step Time taken 0.0397--------------------------------------------------
--------------------------------------------------Step 120 Lr Scheduler Step Time taken 0.0000--------------------------------------------------
--------------------------------------------------Evaluating Model--------------------------------------------------
------------------------------Pruning phase------------------------------
--------------------------------------------------Step 121 Pruning Time taken 7.9902--------------------------------------------------
--------------------------------------------------Step 121 Forward Time taken 14.5424--------------------------------------------------
--------------------------------------------------Step 121 Backward Time taken 21.8214--------------------------------------------------
------------------------------Apply Pruning Gradient------------------------------
--------------------------------------------------Step 121 Pruner Apply Gradient Time taken 0.0174--------------------------------------------------
--------------------------------------------------Step 121 Clip Grad Norm Time taken 0.0225--------------------------------------------------
--------------------------------------------------Step 121 Optimizer Step Time taken 0.0358--------------------------------------------------
--------------------------------------------------Step 121 Lr Scheduler Step Time taken 0.0000--------------------------------------------------
------------------------------Pruning phase------------------------------
--------------------------------------------------Step 122 Pruning Time taken 7.9901--------------------------------------------------
--------------------------------------------------Step 122 Forward Time taken 14.8639--------------------------------------------------
--------------------------------------------------Step 122 Backward Time taken 22.0367--------------------------------------------------
------------------------------Apply Pruning Gradient------------------------------
--------------------------------------------------Step 122 Pruner Apply Gradient Time taken 0.0167--------------------------------------------------
--------------------------------------------------Step 122 Clip Grad Norm Time taken 0.0212--------------------------------------------------
--------------------------------------------------Step 122 Optimizer Step Time taken 0.0349--------------------------------------------------
--------------------------------------------------Step 122 Lr Scheduler Step Time taken 0.0000--------------------------------------------------
------------------------------Pruning phase------------------------------
--------------------------------------------------Step 123 Pruning Time taken 7.9906--------------------------------------------------
--------------------------------------------------Step 123 Forward Time taken 14.8105--------------------------------------------------
--------------------------------------------------Step 123 Backward Time taken 21.2102--------------------------------------------------
------------------------------Apply Pruning Gradient------------------------------
--------------------------------------------------Step 123 Pruner Apply Gradient Time taken 0.0176--------------------------------------------------
--------------------------------------------------Step 123 Clip Grad Norm Time taken 0.0212--------------------------------------------------
--------------------------------------------------Step 123 Optimizer Step Time taken 0.0348--------------------------------------------------
--------------------------------------------------Step 123 Lr Scheduler Step Time taken 0.0000--------------------------------------------------
------------------------------Pruning phase------------------------------
--------------------------------------------------Step 124 Pruning Time taken 7.9896--------------------------------------------------
--------------------------------------------------Step 124 Forward Time taken 15.0698--------------------------------------------------
--------------------------------------------------Step 124 Backward Time taken 20.6293--------------------------------------------------
------------------------------Apply Pruning Gradient------------------------------
--------------------------------------------------Step 124 Pruner Apply Gradient Time taken 0.0164--------------------------------------------------
--------------------------------------------------Step 124 Clip Grad Norm Time taken 0.0214--------------------------------------------------
--------------------------------------------------Step 124 Optimizer Step Time taken 0.0350--------------------------------------------------
--------------------------------------------------Step 124 Lr Scheduler Step Time taken 0.0000--------------------------------------------------
------------------------------Pruning phase------------------------------
--------------------------------------------------Step 125 Pruning Time taken 7.9918--------------------------------------------------
--------------------------------------------------Step 125 Forward Time taken 14.4590--------------------------------------------------
--------------------------------------------------Step 125 Backward Time taken 21.3056--------------------------------------------------
------------------------------Apply Pruning Gradient------------------------------
--------------------------------------------------Step 125 Pruner Apply Gradient Time taken 0.0162--------------------------------------------------
--------------------------------------------------Step 125 Clip Grad Norm Time taken 0.0211--------------------------------------------------
--------------------------------------------------Step 125 Optimizer Step Time taken 0.0353--------------------------------------------------
--------------------------------------------------Step 125 Lr Scheduler Step Time taken 0.0000--------------------------------------------------
------------------------------Pruning phase------------------------------
--------------------------------------------------Step 126 Pruning Time taken 7.9948--------------------------------------------------
--------------------------------------------------Step 126 Forward Time taken 14.5989--------------------------------------------------
--------------------------------------------------Step 126 Backward Time taken 21.7943--------------------------------------------------
------------------------------Apply Pruning Gradient------------------------------
--------------------------------------------------Step 126 Pruner Apply Gradient Time taken 0.0161--------------------------------------------------
--------------------------------------------------Step 126 Clip Grad Norm Time taken 0.0208--------------------------------------------------
--------------------------------------------------Step 126 Optimizer Step Time taken 0.0349--------------------------------------------------
--------------------------------------------------Step 126 Lr Scheduler Step Time taken 0.0000--------------------------------------------------
------------------------------Pruning phase------------------------------
--------------------------------------------------Step 127 Pruning Time taken 7.9883--------------------------------------------------
--------------------------------------------------Step 127 Forward Time taken 14.6259--------------------------------------------------
--------------------------------------------------Step 127 Backward Time taken 21.9980--------------------------------------------------
------------------------------Apply Pruning Gradient------------------------------
--------------------------------------------------Step 127 Pruner Apply Gradient Time taken 0.0176--------------------------------------------------
--------------------------------------------------Step 127 Clip Grad Norm Time taken 0.0218--------------------------------------------------
--------------------------------------------------Step 127 Optimizer Step Time taken 0.0358--------------------------------------------------
--------------------------------------------------Step 127 Lr Scheduler Step Time taken 0.0000--------------------------------------------------
------------------------------Pruning phase------------------------------
--------------------------------------------------Step 128 Pruning Time taken 7.9895--------------------------------------------------
--------------------------------------------------Step 128 Forward Time taken 15.2030--------------------------------------------------
--------------------------------------------------Step 128 Backward Time taken 21.8774--------------------------------------------------
------------------------------Apply Pruning Gradient------------------------------
--------------------------------------------------Step 128 Pruner Apply Gradient Time taken 0.0168--------------------------------------------------
--------------------------------------------------Step 128 Clip Grad Norm Time taken 0.0211--------------------------------------------------
--------------------------------------------------Step 128 Optimizer Step Time taken 0.0354--------------------------------------------------
--------------------------------------------------Step 128 Lr Scheduler Step Time taken 0.0000--------------------------------------------------
------------------------------Pruning phase------------------------------
--------------------------------------------------Step 129 Pruning Time taken 7.9865--------------------------------------------------
--------------------------------------------------Step 129 Forward Time taken 14.7432--------------------------------------------------
--------------------------------------------------Step 129 Backward Time taken 21.0432--------------------------------------------------
------------------------------Apply Pruning Gradient------------------------------
--------------------------------------------------Step 129 Pruner Apply Gradient Time taken 0.0164--------------------------------------------------
--------------------------------------------------Step 129 Clip Grad Norm Time taken 0.0214--------------------------------------------------
--------------------------------------------------Step 129 Optimizer Step Time taken 0.0347--------------------------------------------------
--------------------------------------------------Step 129 Lr Scheduler Step Time taken 0.0000--------------------------------------------------
------------------------------Pruning phase------------------------------
--------------------------------------------------Step 130 Pruning Time taken 7.9865--------------------------------------------------
--------------------------------------------------Step 130 Forward Time taken 14.1206--------------------------------------------------
--------------------------------------------------Step 130 Backward Time taken 20.4935--------------------------------------------------
------------------------------Apply Pruning Gradient------------------------------
--------------------------------------------------Step 130 Pruner Apply Gradient Time taken 0.0162--------------------------------------------------
--------------------------------------------------Step 130 Clip Grad Norm Time taken 0.0209--------------------------------------------------
--------------------------------------------------Step 130 Optimizer Step Time taken 0.0346--------------------------------------------------
--------------------------------------------------Step 130 Lr Scheduler Step Time taken 0.0000--------------------------------------------------
--------------------------------------------------Evaluating Model--------------------------------------------------
------------------------------Pruning phase------------------------------
--------------------------------------------------Step 131 Pruning Time taken 7.9915--------------------------------------------------
--------------------------------------------------Step 131 Forward Time taken 14.4026--------------------------------------------------
--------------------------------------------------Step 131 Backward Time taken 21.5759--------------------------------------------------
------------------------------Apply Pruning Gradient------------------------------
--------------------------------------------------Step 131 Pruner Apply Gradient Time taken 0.0172--------------------------------------------------
--------------------------------------------------Step 131 Clip Grad Norm Time taken 0.0246--------------------------------------------------
--------------------------------------------------Step 131 Optimizer Step Time taken 0.0361--------------------------------------------------
--------------------------------------------------Step 131 Lr Scheduler Step Time taken 0.0000--------------------------------------------------
------------------------------Pruning phase------------------------------
--------------------------------------------------Step 132 Pruning Time taken 7.9877--------------------------------------------------
--------------------------------------------------Step 132 Forward Time taken 14.6562--------------------------------------------------
--------------------------------------------------Step 132 Backward Time taken 21.4221--------------------------------------------------
------------------------------Apply Pruning Gradient------------------------------
--------------------------------------------------Step 132 Pruner Apply Gradient Time taken 0.0163--------------------------------------------------
--------------------------------------------------Step 132 Clip Grad Norm Time taken 0.0211--------------------------------------------------
--------------------------------------------------Step 132 Optimizer Step Time taken 0.0346--------------------------------------------------
--------------------------------------------------Step 132 Lr Scheduler Step Time taken 0.0000--------------------------------------------------
------------------------------Pruning phase------------------------------
--------------------------------------------------Step 133 Pruning Time taken 7.9868--------------------------------------------------
--------------------------------------------------Step 133 Forward Time taken 14.1900--------------------------------------------------
--------------------------------------------------Step 133 Backward Time taken 22.4934--------------------------------------------------
------------------------------Apply Pruning Gradient------------------------------
--------------------------------------------------Step 133 Pruner Apply Gradient Time taken 0.0162--------------------------------------------------
--------------------------------------------------Step 133 Clip Grad Norm Time taken 0.0210--------------------------------------------------
--------------------------------------------------Step 133 Optimizer Step Time taken 0.0347--------------------------------------------------
--------------------------------------------------Step 133 Lr Scheduler Step Time taken 0.0000--------------------------------------------------
------------------------------Pruning phase------------------------------
--------------------------------------------------Step 134 Pruning Time taken 7.9878--------------------------------------------------
--------------------------------------------------Step 134 Forward Time taken 14.2515--------------------------------------------------
--------------------------------------------------Step 134 Backward Time taken 21.6165--------------------------------------------------
------------------------------Apply Pruning Gradient------------------------------
--------------------------------------------------Step 134 Pruner Apply Gradient Time taken 0.0163--------------------------------------------------
--------------------------------------------------Step 134 Clip Grad Norm Time taken 0.0208--------------------------------------------------
--------------------------------------------------Step 134 Optimizer Step Time taken 0.0345--------------------------------------------------
--------------------------------------------------Step 134 Lr Scheduler Step Time taken 0.0000--------------------------------------------------
------------------------------Pruning phase------------------------------
--------------------------------------------------Step 135 Pruning Time taken 7.9864--------------------------------------------------
--------------------------------------------------Step 135 Forward Time taken 14.6354--------------------------------------------------
--------------------------------------------------Step 135 Backward Time taken 21.9550--------------------------------------------------
------------------------------Apply Pruning Gradient------------------------------
--------------------------------------------------Step 135 Pruner Apply Gradient Time taken 0.0165--------------------------------------------------
--------------------------------------------------Step 135 Clip Grad Norm Time taken 0.0227--------------------------------------------------
--------------------------------------------------Step 135 Optimizer Step Time taken 0.0372--------------------------------------------------
--------------------------------------------------Step 135 Lr Scheduler Step Time taken 0.0000--------------------------------------------------
------------------------------Pruning phase------------------------------
--------------------------------------------------Step 136 Pruning Time taken 7.9892--------------------------------------------------
--------------------------------------------------Step 136 Forward Time taken 13.9324--------------------------------------------------
--------------------------------------------------Step 136 Backward Time taken 21.8886--------------------------------------------------
------------------------------Apply Pruning Gradient------------------------------
--------------------------------------------------Step 136 Pruner Apply Gradient Time taken 0.0173--------------------------------------------------
--------------------------------------------------Step 136 Clip Grad Norm Time taken 0.0221--------------------------------------------------
--------------------------------------------------Step 136 Optimizer Step Time taken 0.0353--------------------------------------------------
--------------------------------------------------Step 136 Lr Scheduler Step Time taken 0.0000--------------------------------------------------
------------------------------Pruning phase------------------------------
--------------------------------------------------Step 137 Pruning Time taken 7.9840--------------------------------------------------
--------------------------------------------------Step 137 Forward Time taken 13.1671--------------------------------------------------
--------------------------------------------------Step 137 Backward Time taken 21.7439--------------------------------------------------
------------------------------Apply Pruning Gradient------------------------------
--------------------------------------------------Step 137 Pruner Apply Gradient Time taken 0.0170--------------------------------------------------
--------------------------------------------------Step 137 Clip Grad Norm Time taken 0.0224--------------------------------------------------
--------------------------------------------------Step 137 Optimizer Step Time taken 0.0368--------------------------------------------------
--------------------------------------------------Step 137 Lr Scheduler Step Time taken 0.0000--------------------------------------------------
------------------------------Pruning phase------------------------------
--------------------------------------------------Step 138 Pruning Time taken 7.9875--------------------------------------------------
--------------------------------------------------Step 138 Forward Time taken 13.8981--------------------------------------------------
--------------------------------------------------Step 138 Backward Time taken 21.9211--------------------------------------------------
------------------------------Apply Pruning Gradient------------------------------
--------------------------------------------------Step 138 Pruner Apply Gradient Time taken 0.0168--------------------------------------------------
--------------------------------------------------Step 138 Clip Grad Norm Time taken 0.0214--------------------------------------------------
--------------------------------------------------Step 138 Optimizer Step Time taken 0.0360--------------------------------------------------
--------------------------------------------------Step 138 Lr Scheduler Step Time taken 0.0000--------------------------------------------------
------------------------------Pruning phase------------------------------
--------------------------------------------------Step 139 Pruning Time taken 7.9887--------------------------------------------------
--------------------------------------------------Step 139 Forward Time taken 13.8938--------------------------------------------------
--------------------------------------------------Step 139 Backward Time taken 21.6855--------------------------------------------------
------------------------------Apply Pruning Gradient------------------------------
--------------------------------------------------Step 139 Pruner Apply Gradient Time taken 0.0169--------------------------------------------------
--------------------------------------------------Step 139 Clip Grad Norm Time taken 0.0223--------------------------------------------------
--------------------------------------------------Step 139 Optimizer Step Time taken 0.0359--------------------------------------------------
--------------------------------------------------Step 139 Lr Scheduler Step Time taken 0.0000--------------------------------------------------
------------------------------Pruning phase------------------------------
--------------------------------------------------Step 140 Pruning Time taken 7.9879--------------------------------------------------
--------------------------------------------------Step 140 Forward Time taken 14.9637--------------------------------------------------
--------------------------------------------------Step 140 Backward Time taken 21.0304--------------------------------------------------
------------------------------Apply Pruning Gradient------------------------------
--------------------------------------------------Step 140 Pruner Apply Gradient Time taken 0.0169--------------------------------------------------
--------------------------------------------------Step 140 Clip Grad Norm Time taken 0.0212--------------------------------------------------
--------------------------------------------------Step 140 Optimizer Step Time taken 0.0365--------------------------------------------------
--------------------------------------------------Step 140 Lr Scheduler Step Time taken 0.0000--------------------------------------------------
--------------------------------------------------Evaluating Model--------------------------------------------------
------------------------------Pruning phase------------------------------
--------------------------------------------------Step 141 Pruning Time taken 7.9963--------------------------------------------------
--------------------------------------------------Step 141 Forward Time taken 14.9569--------------------------------------------------
--------------------------------------------------Step 141 Backward Time taken 20.8760--------------------------------------------------
------------------------------Apply Pruning Gradient------------------------------
--------------------------------------------------Step 141 Pruner Apply Gradient Time taken 0.0180--------------------------------------------------
--------------------------------------------------Step 141 Clip Grad Norm Time taken 0.0236--------------------------------------------------
--------------------------------------------------Step 141 Optimizer Step Time taken 0.0387--------------------------------------------------
--------------------------------------------------Step 141 Lr Scheduler Step Time taken 0.0000--------------------------------------------------
------------------------------Warming Up phase, not pruning.------------------------------
--------------------------------------------------Step 142 Pruning Time taken 0.0011--------------------------------------------------
--------------------------------------------------Step 142 Forward Time taken 15.0612--------------------------------------------------
--------------------------------------------------Step 142 Backward Time taken 20.6947--------------------------------------------------
--------------------------------------------------Step 142 Pruner Apply Gradient Time taken 0.0000--------------------------------------------------
--------------------------------------------------Step 142 Clip Grad Norm Time taken 0.0204--------------------------------------------------
--------------------------------------------------Step 142 Optimizer Step Time taken 0.0336--------------------------------------------------
--------------------------------------------------Step 142 Lr Scheduler Step Time taken 0.0000--------------------------------------------------
------------------------------Warming Up phase, not pruning.------------------------------
--------------------------------------------------Step 143 Pruning Time taken 0.0011--------------------------------------------------
--------------------------------------------------Step 143 Forward Time taken 15.3372--------------------------------------------------
--------------------------------------------------Step 143 Backward Time taken 21.5253--------------------------------------------------
--------------------------------------------------Step 143 Pruner Apply Gradient Time taken 0.0000--------------------------------------------------
--------------------------------------------------Step 143 Clip Grad Norm Time taken 0.0220--------------------------------------------------
--------------------------------------------------Step 143 Optimizer Step Time taken 0.0355--------------------------------------------------
--------------------------------------------------Step 143 Lr Scheduler Step Time taken 0.0000--------------------------------------------------
------------------------------Warming Up phase, not pruning.------------------------------
--------------------------------------------------Step 144 Pruning Time taken 0.0012--------------------------------------------------
--------------------------------------------------Step 144 Forward Time taken 14.4320--------------------------------------------------
--------------------------------------------------Step 144 Backward Time taken 21.1349--------------------------------------------------
--------------------------------------------------Step 144 Pruner Apply Gradient Time taken 0.0000--------------------------------------------------
--------------------------------------------------Step 144 Clip Grad Norm Time taken 0.0194--------------------------------------------------
--------------------------------------------------Step 144 Optimizer Step Time taken 0.0326--------------------------------------------------
--------------------------------------------------Step 144 Lr Scheduler Step Time taken 0.0000--------------------------------------------------
------------------------------Warming Up phase, not pruning.------------------------------
--------------------------------------------------Step 145 Pruning Time taken 0.0008--------------------------------------------------
--------------------------------------------------Step 145 Forward Time taken 15.0499--------------------------------------------------
--------------------------------------------------Step 145 Backward Time taken 20.8593--------------------------------------------------
--------------------------------------------------Step 145 Pruner Apply Gradient Time taken 0.0000--------------------------------------------------
--------------------------------------------------Step 145 Clip Grad Norm Time taken 0.0192--------------------------------------------------
--------------------------------------------------Step 145 Optimizer Step Time taken 0.0318--------------------------------------------------
--------------------------------------------------Step 145 Lr Scheduler Step Time taken 0.0000--------------------------------------------------
------------------------------Warming Up phase, not pruning.------------------------------
--------------------------------------------------Step 146 Pruning Time taken 0.0007--------------------------------------------------
--------------------------------------------------Step 146 Forward Time taken 14.0824--------------------------------------------------
--------------------------------------------------Step 146 Backward Time taken 21.1414--------------------------------------------------
--------------------------------------------------Step 146 Pruner Apply Gradient Time taken 0.0000--------------------------------------------------
--------------------------------------------------Step 146 Clip Grad Norm Time taken 0.0201--------------------------------------------------
--------------------------------------------------Step 146 Optimizer Step Time taken 0.0320--------------------------------------------------
--------------------------------------------------Step 146 Lr Scheduler Step Time taken 0.0000--------------------------------------------------
------------------------------Warming Up phase, not pruning.------------------------------
--------------------------------------------------Step 147 Pruning Time taken 0.0007--------------------------------------------------
--------------------------------------------------Step 147 Forward Time taken 15.2955--------------------------------------------------
--------------------------------------------------Step 147 Backward Time taken 20.0511--------------------------------------------------
--------------------------------------------------Step 147 Pruner Apply Gradient Time taken 0.0000--------------------------------------------------
--------------------------------------------------Step 147 Clip Grad Norm Time taken 0.0194--------------------------------------------------
--------------------------------------------------Step 147 Optimizer Step Time taken 0.0323--------------------------------------------------
--------------------------------------------------Step 147 Lr Scheduler Step Time taken 0.0000--------------------------------------------------
------------------------------Warming Up phase, not pruning.------------------------------
--------------------------------------------------Step 148 Pruning Time taken 0.0009--------------------------------------------------
--------------------------------------------------Step 148 Forward Time taken 15.2067--------------------------------------------------
--------------------------------------------------Step 148 Backward Time taken 20.2201--------------------------------------------------
--------------------------------------------------Step 148 Pruner Apply Gradient Time taken 0.0000--------------------------------------------------
--------------------------------------------------Step 148 Clip Grad Norm Time taken 0.0201--------------------------------------------------
--------------------------------------------------Step 148 Optimizer Step Time taken 0.0325--------------------------------------------------
--------------------------------------------------Step 148 Lr Scheduler Step Time taken 0.0000--------------------------------------------------
------------------------------Warming Up phase, not pruning.------------------------------
--------------------------------------------------Step 149 Pruning Time taken 0.0008--------------------------------------------------
--------------------------------------------------Step 149 Forward Time taken 14.7017--------------------------------------------------
--------------------------------------------------Step 149 Backward Time taken 20.3086--------------------------------------------------
--------------------------------------------------Step 149 Pruner Apply Gradient Time taken 0.0000--------------------------------------------------
--------------------------------------------------Step 149 Clip Grad Norm Time taken 0.0204--------------------------------------------------
--------------------------------------------------Step 149 Optimizer Step Time taken 0.0326--------------------------------------------------
--------------------------------------------------Step 149 Lr Scheduler Step Time taken 0.0000--------------------------------------------------
------------------------------Warming Up phase, not pruning.------------------------------
--------------------------------------------------Step 150 Pruning Time taken 0.0008--------------------------------------------------
--------------------------------------------------Step 150 Forward Time taken 15.5646--------------------------------------------------
--------------------------------------------------Step 150 Backward Time taken 21.1986--------------------------------------------------
--------------------------------------------------Step 150 Pruner Apply Gradient Time taken 0.0000--------------------------------------------------
--------------------------------------------------Step 150 Clip Grad Norm Time taken 0.0194--------------------------------------------------
--------------------------------------------------Step 150 Optimizer Step Time taken 0.0321--------------------------------------------------
--------------------------------------------------Step 150 Lr Scheduler Step Time taken 0.0000--------------------------------------------------
--------------------------------------------------Evaluating Model--------------------------------------------------
------------------------------Warming Up phase, not pruning.------------------------------
--------------------------------------------------Step 151 Pruning Time taken 0.0032--------------------------------------------------
--------------------------------------------------Step 151 Forward Time taken 14.4561--------------------------------------------------
--------------------------------------------------Step 151 Backward Time taken 21.1203--------------------------------------------------
--------------------------------------------------Step 151 Pruner Apply Gradient Time taken 0.0000--------------------------------------------------
--------------------------------------------------Step 151 Clip Grad Norm Time taken 0.0192--------------------------------------------------
--------------------------------------------------Step 151 Optimizer Step Time taken 0.0318--------------------------------------------------
--------------------------------------------------Step 151 Lr Scheduler Step Time taken 0.0000--------------------------------------------------
------------------------------Warming Up phase, not pruning.------------------------------
--------------------------------------------------Step 152 Pruning Time taken 0.0007--------------------------------------------------
--------------------------------------------------Step 152 Forward Time taken 14.9614--------------------------------------------------
